track_id,standard_dev,average,energy,liveness,tempo,speechiness
694,298.20751321441355,69.15235483495044,0.842615945,0.0666304994,98.315,0.5634644339
695,243.5278196671975,57.12672449605447,0.8108574058,0.3621457004,166.2,0.1060185314
4682,236.82854921324858,54.03921976240491,0.7701436785,0.36171829340000006,173.992,0.1104803627
4685,145.9629929092573,37.31806910286296,0.6052403353,0.2199077279,164.045,0.053686037699999994
5268,469.23136410201244,98.3684731827634,0.4204394402,0.074111346,150.048,0.4154415372
10693,790.9696990485384,150.67988725010449,0.36279176679999997,0.0893380299,166.007,0.3093130508
10694,843.9097871568633,141.37266472206608,0.1299341829,0.11089304369999999,91.99,0.1627906351
10697,972.7941896671397,160.11576741892097,0.3570233789,0.11020249019999999,93.966,0.5234949757999999
10698,465.15912910350664,87.55730953413929,0.5372199814999999,0.0862128316,100.03,0.0558493713
11204,291.89849070306803,66.61312450012322,0.4547694868,0.0872405722,96.154,0.2947728199
11263,575.1162603243166,107.87538683667947,0.2850683052,0.10483982539999999,84.999,0.1504600884
11298,349.3075311822149,77.37002619676517,0.7773638002,0.0847642667,112.99,0.17595614920000002
11763,509.6310482508021,94.51457967858661,0.44911867850000003,0.16152855119999998,93.054,0.0744406336
11766,361.3457862387683,82.4322819297701,0.4252675721,0.41136406020000005,164.707,0.1254787383
11771,440.5224711787194,89.22623581466027,0.4311836902,0.1840159107,87.935,0.0415898413
11773,593.3000077286158,111.83609317947813,0.35605080009999995,0.1057774457,93.922,0.29995883079999996
11775,545.4863165866846,93.896453765204,0.8769741308,0.3393097401,82.72,0.3892856732
11777,275.8010514106931,53.04896318953884,0.5776031489,0.1735612949,83.993,0.0288354343
11778,302.9039049207803,68.63639732771875,0.5245465127000001,0.0832976605,85.045,0.0383129724
11782,816.0011639868486,135.5968787639433,0.2045154773,0.1289434792,208.018,0.9578685218
11786,539.0715962849281,103.37025134573751,0.506418114,0.8432347605,120.826,0.0507797684
11793,484.7339846260725,100.52407607283392,0.9038414828,0.0748779446,156.032,0.5335959675
11803,290.07180439470267,67.87663925392276,0.530494416,0.0989415158,88.821,0.26382401710000003
11918,260.2607865673532,58.18282666213081,0.6996942787,0.10738371779999999,129.98,0.0907042134
12174,348.1459358884361,65.76589488322051,0.7723674086,0.6915596041,100.011,0.043330845199999996
12526,218.6281873748501,50.19853758315536,0.5826638015,0.1061241673,105.977,0.0360763307
12531,279.60849484252464,65.10186877791027,0.46582542689999995,0.0907444382,182.032,0.4618330546
13201,386.304904632216,85.93380923490894,0.37976548740000005,0.0879976241,196.093,0.12414282730000001
13747,268.3204466860717,65.15353612984553,0.8521456467,0.3279680821,60.678,0.7256666951
13768,250.23202989306475,63.142540796086614,0.4453594025,0.1283768018,93.194,0.1442882398
14363,411.4738455267526,82.6440437831759,0.7364503193999999,0.0882254824,116.978,0.060337091100000004
14386,310.6167124208399,74.69014600474954,0.5139434067,0.1680788635,179.268,0.3487382768
16879,339.11571177841483,71.62898350697903,0.7466936626,0.09541033199999999,162.339,0.05892112
17496,485.7968330098001,89.54122490348615,0.181637945,0.1055171713,103.895,0.0499846876
17782,285.9270689282582,64.49055215795268,0.6983211793,0.0953450358,157.028,0.3449464557
19726,452.5152361598509,92.62328159407947,0.7592450612,0.6328582082,122.793,0.2143906898
19729,395.5433345672379,82.2876769725652,0.7239397927,0.044101735999999996,138.241,0.2786198989
21228,203.0466815170342,50.8885585562933,0.6952660328,0.1049977077,95.066,0.037148804
22094,241.3449345123899,55.887857545565176,0.5658366349,0.1131579875,163.444,0.3800025157
22295,587.5649720674343,112.02436624414554,0.102894703,0.08530899380000001,95.104,0.0951814651
22296,557.6284630611553,114.55904392509551,0.551867574,0.10069519960000001,88.087,0.6572092040999999
24419,315.6318318908428,58.37468096141473,0.6033697700999999,0.1271825468,65.858,0.0717545342
24421,149.57228080547426,37.35303740869956,0.4571538428,0.1228692943,110.878,0.035158165400000004
24422,343.16095454855406,62.32699268588929,0.3341643947,0.1163906973,83.035,0.039379645899999996
24423,248.83237593512226,52.4434958331933,0.6245702069,0.1348475107,89.624,0.047154151
24424,126.99315570694125,32.14620916029732,0.8541304628,0.11111844050000001,160.115,0.045466609299999995
24425,570.0962175995109,105.64238720590537,0.3089711341,0.1114865065,90.06,0.1607906339
24426,154.70673826312486,35.29023928981697,0.7588727984999999,0.1099998148,67.22,0.0711820496
24427,138.71492753675946,29.19575359002098,0.5107370547,0.11444154210000002,146.001,0.1023151415
24428,235.11891109080156,51.53133495646295,0.6384819572,0.0861955526,90.039,0.2327801852
24429,222.08910126683887,55.352265649560266,0.8999456678,0.11653648289999999,96.025,0.0415033884
24430,267.5570560203542,56.91413404906295,0.6587016915999999,0.1297501406,147.965,0.1779058404
24431,407.506274500993,77.49016746789911,0.3666858468,0.1105535923,153.951,0.050001740999999995
24432,336.3703595141528,74.82788711732186,0.3346681053,0.1220357993,71.016,0.06357474169999999
26007,600.9899482724253,116.3925773244326,0.2615502592,0.1081384216,99.13,0.058223853
29602,659.6182834289431,128.9570043247464,0.6614667348,0.3013066715,106.425,0.847640266
33703,242.13696747837406,56.40469825258617,0.8086641357,0.09037202400000001,185.826,0.15056363820000002
36302,592.1383890668735,105.12494199180624,0.2325815401,0.1111587719,100.087,0.3173190925
36983,342.5319290711861,63.7935549142241,0.6494560886999999,0.1068351921,106.777,0.2805612795
36984,441.5612114457629,88.28907425809197,0.4052312864,0.1115693094,160.148,0.1296531241
36985,367.3492265982255,68.68417407115804,0.335540937,0.11163813939999999,78.011,0.0539758052
36986,242.09954143371556,53.02009211521027,0.4894532055,0.1061853081,150.017,0.038207945699999996
36987,399.0056560473056,80.32837849778973,0.1141570309,0.11384139509999999,167.913,0.0380079772
36988,320.4836672091444,53.71022624783973,0.42651975,0.07956752660000001,88.023,0.0304418752
36989,282.2782364474601,56.889980954929904,0.5316855723,0.1410412888,93.123,0.0284560352
36990,164.8077013067954,31.085406054235715,0.47090649869999995,0.1138002682,192.538,0.0710493586
36991,449.4359173333415,81.90921116212277,0.24947932609999998,0.1097666793,160.221,0.0707648425
36992,899.6376431380883,155.7123807279152,0.9056756441,0.1118734507,160.305,0.1067524393
36994,494.8599620289409,95.51263002915178,0.4126069325,0.1093798035,160.053,0.0797980786
36995,411.921144421774,80.00469640651875,0.6503784198,0.12955884269999998,108.035,0.03202095
36996,382.24633648842024,73.80875449035089,0.4498887999,0.1090167365,160.17,0.0784143473
36997,1019.2645525634294,185.35518879421608,0.3429425297,0.1030980808,156.003,0.2940832543
40525,543.2898244655048,102.61436568262009,0.45124450759999996,0.1068624394,91.839,0.0366298049
42045,270.40907929360804,60.69880897706964,0.9557567683,0.0688402499,59.008,0.35975188840000005
43844,270.670466599659,65.50041921299419,0.5425548728,0.34752557450000005,92.161,0.0429498496
43856,638.711506371516,120.2836813164299,0.72878261,0.06726637440000001,126.707,0.0828313277
43865,517.2255968191292,95.95062991629732,0.6596169274,0.0930921583,90.986,0.0315563981
43869,552.5940499834032,105.32648388979108,0.6913449449,0.1215108641,175.794,0.03980931
47171,302.999090437013,71.62988841046385,0.3969310055,0.223633236,177.895,0.2988410666
75371,307.4933540554345,65.27354097157456,0.7327309345999999,0.3027898842,127.937,0.1418276299
75401,280.5348731083366,63.6515267230942,0.866744933,0.2534469272,127.973,0.2507340785
75754,289.12756150161397,68.59817675491918,0.7861957288,0.0390786367,191.966,0.2834175755
83719,466.04047743165046,70.46585646131383,0.8920519359,0.09510071810000001,169.834,0.5093810367
86680,168.76321278199157,38.67136741909911,0.9195109554,0.09911756949999999,150.037,0.0351726717
89848,287.59398079603477,66.32268097006161,0.8748142273999999,0.10824180109999999,129.884,0.2654521438
89859,199.19405769547905,46.522591048478134,0.9309534272,0.4064835228,127.878,0.2473712525
89860,385.64184057976894,81.18129455701072,0.5380348641,0.2339534953,95.334,0.3241484076
95912,175.43280883999097,44.27299840480223,0.9909040083,0.8007380678,75.487,0.1887424967
95915,157.7682827086303,40.570682012030794,0.9865007437000001,0.6468110935,127.513,0.5017376782
99096,335.1660247935365,78.64296509209733,0.632282407,0.2315554823,99.973,0.22909353579999997
124717,344.98117241896443,72.4772497589348,0.8549032387000001,0.39510225549999994,86.272,0.5624925561999999
10,146.28923832398297,39.90114883578214,0.9245251615000001,0.1154738842,111.562,0.032985219100000004
10806,402.0571498695538,75.24905191349599,0.7370601687,0.07381575879999999,46.701,0.0635379719
10807,344.1682183927742,63.14413511280356,0.9695950234999999,0.17144071309999998,108.94,0.099643695
10808,377.7758508683999,78.33491791582232,0.8300191415000001,0.08546659289999999,129.482,0.052303969000000006
10809,225.53114711064282,53.14706390485937,0.7515833642,0.3579791025,135.543,0.0938199553
10810,321.6501725084579,57.35683810824152,0.46153963270000004,0.2487624896,112.676,0.044790843899999995
12179,462.34374191038876,90.37902281586966,0.1958791934,0.1189292817,155.974,0.042143522999999995
13197,241.81199826354182,44.570204886180804,0.16723632619999998,0.1113103049,116.015,0.0398851323
19073,248.59910778630012,53.35626275340983,0.0156739208,0.1108362481,119.605,0.0399340646
19074,179.9921988272779,44.10595592830536,0.2413184523,0.1150230667,89.919,0.0335713878
19759,259.433422151923,62.5227097206875,0.3881959536,0.4982641647,97.202,0.0394612949
21231,289.94446006025396,65.74163027997902,0.5478502936999999,0.29586897510000004,129.914,0.0380314899
21232,205.0463782568771,46.8161023108692,0.6650644279,0.1497724911,161.977,0.033538219300000005
27805,251.81734199598984,48.64250981077679,0.343900817,0.1875240071,126.886,0.0379387488
32330,383.8620477079755,78.98627648434821,0.17356910679999998,0.1091780186,120.057,0.29294129879999997
44805,434.3829364378088,90.9253406759683,0.1593550023,0.1122547591,65.136,0.0327518657
44806,491.65052927003006,96.03090773247948,0.051170576100000004,0.1061000458,79.45,0.0405276033
44809,437.30046230097366,86.14904513942187,0.14008242869999998,0.0742554851,72.049,0.0292688425
44810,605.0967570126855,103.03332893904955,0.380007039,0.104330964,111.802,0.318189279
46854,457.3228022861777,92.85031588235759,0.29242768469999997,0.1097158255,155.245,0.0343904448
55286,209.62411258291425,48.146142288208935,0.8970758292000001,0.0646906513,164.996,0.04204109
61670,132.52136733490698,37.14460911069866,0.7680285312999999,0.0995733611,116.927,0.0300647863
64365,314.3033909305978,68.01881066651028,0.5417299036,0.0446673441,80.039,0.1593490638
70426,340.92374640609535,66.79908188560225,0.1573969113,0.17085043239999997,182.244,0.0869074764
87190,273.5796408155598,52.70615119091383,0.7167950964,0.1504096975,111.974,0.0322923802
87194,197.3969229681378,40.76631881363571,0.40715763340000005,0.0730105103,129.306,0.033293621600000003
87322,328.79074407679207,71.3410661225933,0.4937886486,0.09118933050000001,139.973,0.038596092799999995
87323,467.16995820169257,96.21918781397412,0.369059126,0.052698784400000004,123.739,0.0415628446
87324,295.9072440871179,67.29290361120536,0.43951270770000006,0.1025395384,123.892,0.0342861151
87325,239.59691303447065,56.45038830869286,0.44000212920000004,0.059949400300000004,89.995,0.0315303779
108457,387.7482559300777,79.49287690283082,0.5655338690999999,0.1005316848,137.986,0.0371803469
108459,293.10552378814486,54.33860345315848,0.4628798332,0.3049090613,109.365,0.0330063943
108460,307.31455295234673,65.69274807956249,0.6565828565,0.0831157389,154.93,0.038904641000000004
108461,239.35856640834484,53.72037706156385,0.7271034264,0.2675141827,148.038,0.052257437999999996
6964,255.51368609524582,55.54701964473304,0.262940008,0.168696863,129.213,0.1209528641
16237,331.58800140644684,65.36078060310938,0.0537146975,0.1050074927,82.584,0.0399497221
16983,342.7022888097163,69.6947804507308,0.5136146026,0.08287425309999999,246.389,0.11095162689999999
22332,290.77783883156184,64.07553031729911,0.7344490036,0.1129715051,126.011,0.0471142529
23188,290.7986360125946,55.50789828324242,0.1404286569,0.1257573672,102.011,0.0365380654
24638,312.8072063433574,64.2632590602384,0.42782715,0.8070499354999999,144.963,0.047387598600000004
28087,235.0204848774065,55.24525320315268,0.5327390022999999,0.09180086039999999,147.802,0.0367812049
28594,1030.8940289260063,130.5610034548009,0.3866570907,0.26413603350000003,71.136,0.034625906
28595,204.78812097567152,45.0297045343817,0.7088768343,0.10690423980000001,60.074,0.042912339400000006
28596,251.94822770994165,54.48845371184733,0.5237177975,0.37669338189999996,134.54,0.045232629
28597,187.81939329271262,37.09896409919822,0.6994075828,0.38289194049999997,103.699,0.0735120292
28598,231.10076910914248,51.40384336046607,0.5979940431,0.6836432906000001,133.334,0.0359959871
28600,349.25592891969103,67.19577490303705,0.6781505394,0.37400992689999996,127.236,0.0648672188
28601,303.3271702316324,54.4813087796143,0.9183589084,0.1084738852,143.88,0.2784931053
28602,243.83962837790233,48.27548985429687,0.4815638866,0.0557015117,74.01,0.0333521642
28606,399.80564928592696,62.97590243743526,0.8886061379000001,0.1817244079,82.749,0.1554385754
28607,305.3481659697076,59.221619285292846,0.9941435261,0.6081942215999999,116.944,0.12489390130000001
39552,233.99675507781112,50.34447476430535,0.029102364199999998,0.10100604269999999,71.876,0.0635135995
62928,330.32642859859857,65.47934528089374,0.665347121,0.3738087974,120.243,0.0805206941
72389,369.4276148914235,62.89047938158929,0.0725174283,0.1112035073,169.336,0.070733272
83813,216.90408851858976,44.04938017236786,0.6238117493,0.1321617695,86.502,0.0378306062
86121,353.08278706801605,75.20102106769642,0.3713166254,0.1053429474,108.156,0.0528536659
86122,548.9735046398114,101.16286333202322,0.1086391408,0.17437097969999998,103.619,0.0405455444
86127,506.9184238274977,88.82593724308974,0.18925717079999999,0.09357007640000001,208.653,0.0517333483
255,255.942594936153,55.601207114636615,0.4357120518,0.11375812029999999,122.811,0.0676240084
256,117.14200374604698,32.40655069976696,0.9720856698999999,0.40734358979999996,118.281,0.151244955
305,300.58518645347897,61.5245502436866,0.0794868304,0.11164063099999999,108.131,0.042528775
368,441.4969241508565,73.15021129144864,0.11646923890000001,0.1017832597,135.812,0.0482104514
574,112.13940933845001,31.031936914941962,0.9852859209999999,0.3111749891,178.194,0.0672688702
690,166.43286740895024,43.01483083424464,0.9564261719,0.6100837294,146.953,0.0760720385
777,345.0933697747992,75.20199691636651,0.4460819136,0.17491269690000003,110.101,0.2035079652
825,228.26758422941327,48.80136087715759,0.9326844569,0.1230686834,250.059,0.09798595939999999
993,141.1312216565951,38.31412175152589,0.6890474098999999,0.08996936050000001,130.527,0.0542027079
1087,198.85558573387797,49.56761739028036,0.8148327340000001,0.11248718449999999,132.949,0.0398695264
1102,331.0656420676478,69.9859337803491,0.7028404520999999,0.0632641788,78.29,0.20004932
1183,185.83149292286882,44.93310896306026,0.8551342547,0.1565358842,145.482,0.053819650499999996
1270,129.14187637124888,33.66476480742769,0.8697368802,0.2561366735,75.59,0.0384554521
1354,129.49925274802445,36.69735628938839,0.9761785648000001,0.1482602181,85.05,0.17951689969999998
1366,118.23045932829008,32.27917765781562,0.7947117053,0.1280969186,137.591,0.0362874118
1417,144.89494545484098,36.43742321857724,0.6587899561,0.09701025560000001,124.018,0.04249844059999999
1450,146.90785522246514,37.83753620645223,0.9939634776,0.045433619800000005,100.308,0.044618781100000005
1706,138.6730488860737,32.81722450063214,0.9771725654000001,0.2760053303,119.074,0.080300215
1720,445.09365994486205,68.45087839798438,0.4246546932,0.1308577472,174.342,0.0491453575
1883,82.47112309470833,27.770011241488398,0.9419612564000001,0.1422250589,170.025,0.0346950931
1891,226.24853894621822,41.549750372684386,0.5543436632,0.1118643792,157.133,0.0385655715
3492,272.3592060746518,62.30867715886071,0.1350242343,0.11418821779999999,153.98,0.0328044696
3624,188.65032264654005,43.93448009935179,0.5858994522,0.0501827353,165.99,0.0354142742
3645,166.69662955386298,39.75157252960268,0.7597394223999999,0.1266792829,137.407,0.0338444767
3647,284.9898369224257,59.75747764554017,0.5358186618999999,0.0616391353,130.821,0.041132491
3649,291.21115017957715,61.33234109768572,0.6083437764,0.1084017491,137.531,0.0538328259
3650,277.592598585178,61.87179207320624,0.7193133513,0.1299654733,120.191,0.052462804
3760,131.75483747412184,34.56435240678527,0.8980940379000001,0.1400190266,67.938,0.051017025199999996
3761,1690.023079277808,208.35227000415134,0.3467914204,0.2005968591,117.851,0.08487787720000001
3762,320.75229910834673,57.81465856204196,0.4739023944,0.36700954909999994,93.394,0.0516428891
3763,73.00065728704041,19.99835453519464,0.8078862782999999,0.1084145484,162.718,0.044975544000000006
3764,439.24974992901,78.8517055069643,0.3505318308,0.18474081550000002,134.303,0.04694156
3765,540.4439287720506,86.43054827621741,0.3310534519,0.2470881522,242.58,0.0553456557
3766,232.42174289917585,51.1912724128875,0.5930512105,0.262578313,83.684,0.0552795779
3767,327.6873294959807,54.140736744774095,0.4070801708,0.1115666257,61.39,0.0373515552
3840,392.6176919133728,79.8467958905625,0.9038442068000001,0.7365000158,157.546,0.10753670480000001
3872,142.26271953852782,32.52592830578259,0.7917998240999999,0.10787536619999999,138.425,0.0452899351
4108,324.63633249921605,65.53081418380089,0.45745205640000003,0.2476654347,164.333,0.0791778767
4111,221.40332551785806,49.777094124332145,0.5958688651,0.33953412200000005,167.549,0.0697851636
4198,123.29374222346,30.925647447366966,0.4706241242,0.11086948210000001,119.166,0.0311327205
4752,176.25948308465058,37.08028626198304,0.5800198825999999,0.2110249809,163.513,0.0255856947
4764,330.8461606461328,58.38009329635314,0.049034256,0.6965500795999999,116.602,0.0379336024
4776,129.83025382438714,33.56243181122366,0.7937715595999999,0.1573313448,87.509,0.0315432759
4777,225.45379892562485,52.354024516990634,0.3876330759,0.6862384689,133.04,0.0401804311
4778,187.9872333865176,42.169137832995986,0.3900280128,0.1300705208,128.163,0.0383916278
4779,172.2313237622359,39.45006630605401,0.5037427343,0.1889959239,111.962,0.0413309501
4780,242.25261552115177,49.841596981973666,0.6640574322999999,0.6209874458,87.796,0.0441804625
4781,155.54883936824777,35.79815300414375,0.5721138024,0.1288180173,137.635,0.032177087400000005
4782,222.91541733576574,48.80944268094554,0.6210083673,0.8827288296,126.037,0.0419888065
4783,406.06252949920923,81.86510037875,0.4201142084,0.36565904590000003,66.181,0.053983941699999996
4784,151.1455939604415,35.42536527354732,0.7902584279000001,0.3181121522,144.507,0.0337097098
4785,219.537625823098,50.268418060117845,0.582579511,0.4738699957,114.474,0.045942484699999994
4786,132.10662084797917,31.087998683900448,0.6893586262000001,0.1385065266,83.774,0.0281944467
4787,200.89354835032375,42.61394197601742,0.7047715291,0.6397844147999999,167.849,0.048857718200000004
4788,166.1218731036954,38.11923455044642,0.5983611581,0.7413581947,125.533,0.0318821638
4799,259.4992694033608,52.22553770865045,0.1840616124,0.5773044212,140.166,0.0334750702
4835,196.88098206221485,48.15563458923304,0.9512006849,0.187045906,119.812,0.1512483802
4836,101.02105268008182,28.330264257483925,0.9776780392000001,0.2011815038,117.077,0.05581283
4837,144.72046612471206,38.446172096563835,0.8867778325,0.618881746,118.011,0.0572942647
4838,318.99723700690896,45.27373240501607,0.968146045,0.12504645720000002,120.685,0.10034640800000001
4840,353.8532694422901,58.35024171340536,0.824290502,0.1291572121,106.732,0.044823788600000004
6517,367.25492221909076,71.4745779091375,0.0793176237,0.1067239105,106.707,0.0397560449
6519,294.4506615665643,62.94066865711027,0.1936855637,0.07919535429999999,105.207,0.044072585899999996
6520,309.32453474376695,65.5983268269509,0.0714779788,0.1115406095,83.238,0.033049750600000004
6522,151.45749865377533,38.73696627859465,0.3088183933,0.11197971400000001,120.676,0.0402441014
6716,208.85263448635175,44.01398867878259,0.9003923813,0.11207879119999999,147.244,0.0837044161
6734,80.79031019500817,22.850896979374998,0.8854321794,0.0775588861,156.214,0.0613502069
6788,126.54738523814909,33.65097714033884,0.9457193356999999,0.1111555628,119.258,0.1063916671
7132,303.9610364094414,71.73682043731696,0.9911379359,0.158396753,130.413,0.0802655696
7495,237.61811718335906,58.85353590810491,0.7923692565,0.3139750271,157.14,0.1264879104
7865,205.29776553698395,52.33683557397188,0.5641674478,0.2148480015,142.721,0.0302703777
7872,325.35809501801015,71.8112508477259,0.5205238315999999,0.06163471809999999,137.41,0.057369714599999996
7874,193.94202188609205,41.97509963875134,0.7234642557,0.3900460899,164.597,0.0393192867
8208,252.54408407440462,57.8837433536125,0.9168268265999999,0.41290187549999996,164.112,0.045603130199999994
8919,398.3878489713609,69.83708200531251,0.7327869312,0.9084033868000001,99.164,0.1206299123
9553,338.4213571165559,56.00661588750625,0.5895778366,0.0972521586,86.429,0.0373811291
9637,334.77500466775507,71.68140427144375,0.6632856072,0.0847837542,125.237,0.0351850779
10932,324.260164157916,62.8140968642442,0.9225210852,0.10993427439999999,143.951,0.08757556400000001
11205,429.7944386994844,70.11900991228393,0.49269321450000003,0.1385026796,90.158,0.0477840518
11268,352.3523061775341,84.74479704314955,0.7011092543,0.2496162024,89.996,0.0333564748
11306,139.77434974033238,34.72794531023035,0.6169119867,0.1540724918,129.967,0.031710946000000004
11933,88.49599580828138,23.95597149510178,0.5059012111,0.1022847235,135.952,0.047033802400000005
12112,356.8430821713258,62.91072986872589,0.5814915551,0.10304628539999999,160.03,0.0373580396
12521,233.96123385969315,53.973750880764285,0.40395071670000005,0.0835331822,120.004,0.04317781019999999
12611,165.47392128131267,33.92932713232545,0.7496986970999999,0.10926624,143.819,0.0382907145
13217,175.22267724241075,45.114179139073215,0.6951487943000001,0.08908518189999999,135.922,0.034031517000000004
13470,240.88639500181904,52.08445952907499,0.5767621015,0.20115144170000002,85.041,0.032938649300000004
13556,191.28794556123347,44.367813090819645,0.5536465336,0.1734964395,84.978,0.0283855477
13559,164.5861655642664,41.527374891479454,0.431207234,0.073310469,129.995,0.0278979764
13596,191.91403300605722,39.50887217278794,0.4169794095,0.1080016502,148.702,0.0316070786
13666,124.10340693599893,27.366732192984376,0.7099950615999999,0.5022967569,130.188,0.0674447693
13761,287.09281791002525,60.329129380687505,0.0648557998,0.1115625903,123.139,0.0465843917
14653,155.17273786547068,40.06754080306875,0.6610260252,0.3135003308,109.962,0.027690594199999998
14733,183.8929875849845,41.77194571998751,0.7021224145,0.9238058993000001,132.103,0.032444755299999996
14734,136.07016970316386,33.26418687539375,0.661369814,0.1542322086,193.934,0.0280284527
14735,182.2707747258512,38.71563212169419,0.5860986729,0.2755481262,113.747,0.0287250052
14736,241.63655058738212,42.134596571375006,0.5664738951,0.08418087560000001,131.175,0.0462582108
14737,226.80595575535256,45.74601550724508,0.5477720707,0.5067982024000001,91.133,0.0285387837
14738,194.81048631017165,42.58551640118214,0.563519138,0.1090325963,105.241,0.0295466994
14739,165.13541930648447,35.72892562509375,0.5922815974,0.1938398828,120.193,0.0393531306
14740,173.5119165671665,36.00445391837233,0.5909456738000001,0.6703779063,173.24,0.0343878948
14741,172.26643031731157,38.95648860462991,0.5647099745,0.582797342,99.409,0.025949815499999997
14742,133.97287544368592,30.424625592305357,0.7253259647,0.6955081920999999,129.344,0.034272111800000005
14743,179.39444491894204,39.27633124830536,0.5428690467,0.6603518306,123.149,0.050380804800000005
14744,147.96954272546378,36.396757628296434,0.7155498655,0.6835889406,110.821,0.040248442599999996
14745,183.36672140408965,39.0308688197134,0.4985683118,0.1125466757,126.182,0.0494412367
16354,213.3702040907512,45.37826585289063,0.2046624654,0.10611526869999999,207.667,0.0392337345
16819,138.93527446248868,36.31184066590983,0.8516879605,0.08649580859999999,131.869,0.0358198932
16820,144.71401322888218,34.26268627597143,0.8962841968,0.0998126585,94.92,0.041531615
16821,285.9083861500115,59.71412370600849,0.6710414959000001,0.080300731,164.427,0.06777042700000001
16822,193.25318937456078,47.26000438934866,0.4452749399,0.1021683211,142.14,0.031179822599999997
17445,179.2108085221524,40.62372465777188,0.2541721853,0.12580196300000002,63.6,0.0347278139
17462,223.12783926662422,45.79061874923751,0.21106399329999997,0.1115676843,86.622,0.0352603902
17944,226.02855191348232,42.93823520804374,0.43022230149999996,0.1154963407,88.122,0.044798241100000004
18197,145.2170588626489,33.44969451308795,0.6779928045999999,0.1000803316,110.4,0.0429560225
18607,309.37648914287394,48.34208955458705,0.6329563025,0.1478750674,141.271,0.0738362375
18611,65.10622298391965,17.233114283188844,0.6191765799,0.0829905576,130.274,0.0532137857
20050,161.07252611260031,42.89880935650848,0.5694397626,0.08483702929999999,160.185,0.0277801604
21185,185.67773435535196,39.65968924333348,0.6996444006,0.1176533342,188.55,0.0293833211
21302,184.30089694621142,42.740423368449555,0.984302307,0.1509656333,108.802,0.0560313687
21859,99.49089766299663,25.888220344845536,0.7205695586,0.13177486689999998,129.286,0.0591405776
21860,199.82765830453468,47.932132086377685,0.43038150229999994,0.1072858875,115.276,0.0312779661
21861,215.89419311090657,48.26430272814866,0.5069414138,0.23326998510000002,116.458,0.0311735688
22093,223.42327136105152,49.99938702016383,0.19301636239999997,0.1108890658,141.977,0.033430954
22601,141.3609117794415,38.71129353684018,0.9007531390000001,0.1478089379,114.227,0.0590328665
23037,268.9179427051909,60.14735245643795,0.2064291161,0.19356663940000002,78.032,0.0284625197
23041,200.26484114033,44.87559620341384,0.5880185922,0.1609120316,123.503,0.0748615336
23172,155.27260893978817,43.832461126956694,0.9403640384,0.1330922375,96.123,0.0667207757
26310,251.98441606660336,57.458571357318306,0.6195051517,0.1396098018,111.41,0.0396545514
26638,170.969760433814,29.261705902806252,0.5208716596,0.11102737830000001,80.18,0.09427711130000001
26639,87.99582837093595,23.436080009079912,0.4487940465,0.1107244022,119.978,0.0356869242
26640,244.1291649123347,46.358491029719644,0.3346706367,0.10074774980000001,220.256,0.1382627166
26641,221.67624585349463,42.26467324621562,0.36687245799999996,0.09893353519999999,120.025,0.0314789347
26642,149.09609658236656,34.5606343835991,0.4759004553,0.16895093879999998,99.998,0.0284179645
27788,203.55129289050709,43.64323385089285,0.9218860929000001,0.2026999082,154.772,0.0721672538
27789,150.2542946634413,35.26361806427991,0.9266498588,0.1143589919,77.295,0.1298728708
28266,346.65730935247865,73.22972108789284,0.6492897814999999,0.111187195,105.587,0.0328711051
28917,96.40409712657306,26.36002628931831,0.8078323540000001,0.1671478954,152.309,0.031899455800000004
29451,121.62281729994503,32.50269014351607,0.8998306428,0.0620559529,151.047,0.0622162988
29836,231.68571304329836,53.67267964525848,0.6461915415999999,0.1455987765,88.457,0.0430182541
29934,243.67255153445979,52.33250939907813,0.6336594635,0.25707720170000004,77.526,0.0363486016
30865,184.49457883289062,36.7161454208183,0.9472492114,0.1195796773,104.704,0.043322852099999996
31426,73.1491111600275,23.96812164499152,0.9649107325,0.4997088843,98.498,0.046508202699999994
31999,379.1654068830217,78.91155509114284,0.3915606022,0.1177707383,162.016,0.071020787
32000,557.5366492867012,90.38126369306698,0.11149068029999999,0.10543876029999999,95.575,0.0361771767
32001,235.54769578983766,47.21956018016741,0.6423632548,0.1087987008,79.99,0.0271717068
32002,222.7673656873871,51.64591828119866,0.5597346422,0.1043907702,174.404,0.0404482075
32075,175.21030978072363,40.50873810763259,0.6113922888000001,0.09973298929999999,142.503,0.0398315735
32076,167.12550783462973,34.7618706691567,0.3766361048,0.081126323,138.776,0.0318785912
32080,139.4228666100083,38.29574627860938,0.6705123553,0.09035422,144.385,0.0379578338
32081,134.1236812603926,32.68419190468973,0.5920742609,0.0691577285,150.404,0.0420265562
32082,178.34055153094155,38.964943670105804,0.4474175428,0.9346645585,153.95,0.0358337934
32457,133.95609296757937,34.868564902208924,0.5488654315,0.1099011986,122.626,0.037658989500000004
33459,263.9491765405825,58.85938813940046,0.6392346496,0.11125741039999999,94.833,0.0864408167
33460,196.03750435706252,48.736616523743294,0.312260263,0.1120067585,133.479,0.058996734800000006
33461,174.79877430952814,38.05866826636652,0.5539825101,0.1167428901,138.815,0.0669793865
33463,227.82415796426855,46.510350713384824,0.0445999149,0.3476293911,95.999,0.0371052064
33465,270.58195468293883,57.94593311546027,0.36517342810000003,0.11680003109999999,169.973,0.0762946659
33466,211.05317405616844,47.53945153415223,0.3079687401,0.12005221810000001,94.732,0.0978669653
33467,133.94554463261665,31.98932255462188,0.2688444673,0.13373614109999998,95.426,0.0424004896
33533,294.8821657449533,60.657815852800006,0.659812712,0.1542011882,94.352,0.025235330099999998
33538,257.25224204348314,51.39989159460937,0.6197933961,0.9233031792,173.776,0.0469560739
33540,288.2035995507721,59.03705133530894,0.4529634517,0.9158533678,116.937,0.0440756084
34352,138.75604477672107,34.7662073876567,0.9839028087999999,0.0878700945,85.106,0.0447936101
34579,155.2395822513377,36.98736562334017,0.8585865365,0.1778849002,115.754,0.03513496
35527,247.4618938852485,54.327013737175,0.8332741762,0.2450557405,156.99,0.0311777089
35534,139.87301433559205,37.379670467319634,0.8861883226,0.0645260309,145.043,0.032394999
35537,150.0570734002692,36.54765238206965,0.9028586045,0.1325368311,156.059,0.0315438872
35539,198.95785085742392,46.14238494155804,0.6943706790999999,0.0813342614,122.971,0.0466005345
35541,351.3134431120304,57.13505227797366,0.3822190882,0.19016585649999998,135.145,0.0331519797
35543,166.45395230842303,40.40393904970224,0.6588626842,0.18177866690000002,90.009,0.0246745092
35571,249.9281385402583,56.53817400523214,0.6121091516,0.04938210690000001,202.027,0.0281201997
36481,262.84177288944375,44.895941147637494,0.8847609289,0.09668541,154.035,0.0392401356
36526,196.08963723013918,41.043461465643304,0.653424928,0.1135722979,100.436,0.0378223395
36527,243.36139514665146,51.60547487080714,0.4635100935,0.09530352130000001,165.667,0.0383810335
36721,170.8580051543465,36.22627679330938,0.6128544075,0.334171606,116.204,0.0423275725
37460,210.32416078341777,46.94214942883616,0.48753779,0.1927962732,94.11,0.032626837799999996
37725,218.27994648203986,47.76611236462589,0.1719457807,0.7001017514,79.376,0.0378590523
37727,107.26137729231317,27.65055937358616,0.5919670995,0.1331014492,133.455,0.0480936238
37729,187.78727271038198,36.666707534167855,0.3489703785,0.11813176019999999,97.095,0.0343837342
37730,100.97829897692795,25.232896836199107,0.4757973583,0.1018684274,94.998,0.0329904456
37731,170.16892334918506,38.821184375291516,0.1970402999,0.1897102837,94.182,0.040727641
37859,373.42738139891884,56.5184211744509,0.7974922834999999,0.0802111322,180.324,0.0798285535
37860,265.86203160756406,55.32019472631561,0.5943985051,0.1120894153,185.961,0.0316027351
38435,158.27325986344462,33.10862775513527,0.266845452,0.1164439994,54.326,0.0396600913
38518,123.43514644331934,27.283804181063392,0.39317054030000004,0.11320877509999999,144.867,0.0296507762
38522,166.04088859757627,35.51630248401696,0.6480921004,0.1231815828,75.677,0.0312441461
38556,265.7022506753572,53.89521303921697,0.5606910620000001,0.12128821960000001,105.99,0.0360150982
38613,524.482162664409,85.60205007617502,0.3287090572,0.43906590219999997,98.442,0.029524788700000002
38617,119.89481739020313,29.41208124599598,0.6167549381,0.1131438141,117.525,0.10716904699999999
38745,93.70126690255395,22.67706870015089,0.2780461314,0.206570085,95.35,0.040798947099999996
38749,200.86395436231058,37.64035121017009,0.09463545529999999,0.1339040021,142.82,0.0355672264
39298,236.50399076123873,53.945374500858925,0.6848232595,0.0742409448,145.685,0.0323913974
39359,275.16365874030475,49.75371396051919,0.2890372793,0.092521841,133.762,0.0307606989
39760,179.87739065080615,42.807114131024555,0.7832836026000001,0.11090835310000001,246.822,0.141344594
40133,245.51678323584724,51.75331641748527,0.5342096503,0.080455586,125.231,0.035035447000000004
40134,466.6976669645564,70.90880909603125,0.5724109468999999,0.1512651079,77.685,0.0333512729
40903,309.36680760304864,63.279430928524114,0.3708488379,0.0700518218,82.501,0.024756342599999998
40939,223.97041928220165,55.13114583181563,0.6706029989,0.1708545948,126.354,0.0927480761
40940,253.77806163916978,58.849187326815176,0.6317436913000001,0.1880545225,111.549,0.06395243889999999
40984,174.37141138901356,39.78246642264821,0.4323552126,0.1120059001,165.035,0.0336777623
40985,235.27241422207163,50.049488328141976,0.7207124829000001,0.13530921529999998,127.153,0.06978300309999999
40986,226.1790725405247,57.761247228984374,0.8875255606999999,0.12918932630000002,172.491,0.056461976799999994
41095,186.14702491705822,35.988854393964736,0.8631456461,0.1656350228,114.847,0.0303462998
41812,390.0708338075917,73.27216276950936,0.1862249128,0.0727534546,97.361,0.029846436
41961,233.68136473265042,46.776145193103574,0.34262364590000005,0.11158828330000001,136.539,0.0458894408
41962,128.73857552754558,29.05383167865893,0.5963020997999999,0.0912110433,138.771,0.0357704925
41965,131.40523266745498,32.19524847068349,0.6431730125,0.11879473550000001,152.569,0.0358373604
42044,106.09160550306157,31.925317563223217,0.9448941178,0.0998492728,230.087,0.0811447599
42310,175.60470434777218,35.006496549157596,0.1315054709,0.3586210286,131.543,0.0436211
42449,330.83882451545594,74.9931655885076,0.7535446434,0.2963202048,110.9,0.09399623369999999
42475,237.5082488308507,58.52864613972276,0.8299669206,0.15591598210000002,136.938,0.0609893681
42761,134.67387945612256,26.196792942648653,0.6085947705,0.1112127542,120.051,0.0335495486
42787,266.3313607316886,49.728925436757144,0.5801910762,0.3125949274,168.456,0.042230035
42789,123.38304439250533,30.882843955853122,0.6834629172,0.1144094331,179.996,0.0452623167
43615,178.30528535518823,39.406679790980355,0.4790043744,0.7907108002,156.544,0.0497039564
44195,148.41413763918766,40.919525737674114,0.9545550386,0.0761658816,137.986,0.0622823747
44287,102.22972860952187,26.864962155120537,0.9823332996999999,0.0868406526,154.218,0.0967363083
45054,289.45657356699905,65.48556727975223,0.5832510424,0.09866585289999999,108.37,0.0349138201
45055,329.44362506988455,67.28633400844554,0.3473390083,0.1019460214,135.763,0.0324955969
46149,165.34815595294063,44.13025362927367,0.4965097578,0.0872819164,120.028,0.0387620478
46757,186.17429763324253,36.42524156660535,0.4664744396,0.1907403025,125.263,0.0322287535
47449,147.3107331975203,34.114370216824106,0.8419348906999999,0.1155351628,170.025,0.0302895998
47471,101.82185789182765,22.60062935020446,0.623583464,0.12021010289999999,160.871,0.0456242836
47478,134.689230820061,36.39003307081786,0.7006336285,0.14037726009999998,98.337,0.0236155105
47676,142.12801041092504,38.01901372932411,0.8672592648,0.0652386195,130.085,0.0415461055
47916,226.83926273323635,49.24227359160445,0.7597508426999999,0.1875733465,97.719,0.027534787
47921,167.61243408851607,37.71728188941518,0.6888027185,0.4797914681,95.059,0.0252741206
48015,388.35200425969424,73.92325356330983,0.1739724042,0.1219501165,90.01,0.0370318527
48367,413.69210075162687,50.15147159587857,0.9301126242000001,0.2282262097,94.713,0.0743154764
48368,103.97123435596752,27.130640691213394,0.8683975054999999,0.1234095733,133.337,0.0663869562
48369,137.3916755785934,30.447081541841072,0.9759782740999999,0.3026873088,123.424,0.078207397
48990,590.874281307611,105.94939002470669,0.0150227943,0.1115194279,121.904,0.0710637571
49103,159.65519758937492,39.75830424428527,0.655204534,0.1506386036,138.798,0.0386761575
49441,138.52075114227227,35.67807049489777,0.9145879346,0.07744502730000001,173.961,0.030620396600000002
49812,176.53425015368913,37.88400500163616,0.45830141469999996,0.6894068056999999,184.488,0.0407741779
49813,143.3805236884953,31.445677101846876,0.5718422352,0.2825619404,103.218,0.046965510599999996
49817,180.7494589518427,36.97182240530134,0.4554983722,0.6940287028000001,167.876,0.037188872799999995
50270,149.09711964085696,41.16182043412412,0.9198695106999999,0.1291528691,189.839,0.0515403468
50444,130.8215461452355,30.99229720536562,0.7096544666,0.14198613300000001,102.242,0.043760173799999996
50445,154.0990849319548,32.87704159042321,0.5214077984000001,0.1115037577,136.912,0.0426362237
50446,325.16853058003136,62.1177633521866,0.4984736978,0.2168223338,82.73,0.039622833999999996
50447,167.7974392354767,36.88352184888169,0.4771664521,0.1266465181,130.512,0.0516829098
50448,148.34533759276252,34.00112375902143,0.5916916146,0.1264386128,174.399,0.0398833376
50449,607.1438701627251,116.34311220653304,0.08268502929999999,0.1372296409,139.524,0.4494647075
50752,150.80077153906453,43.704059393420536,0.969360628,0.1279893187,165.786,0.2501214474
50753,166.4687808809348,44.926777163691966,0.9324790529000001,0.1369079124,135.959,0.22508807809999998
50754,168.39336111180367,44.71272747564152,0.8730120894,0.2458921143,130.725,0.1592541582
51716,156.83692172418543,38.500350284363385,0.943161459,0.21325868469999998,136.615,0.0725656075
53807,108.72988018117742,29.46542390843125,0.9596136603000001,0.1115151117,161.547,0.0927454201
54735,151.46293032142918,39.71439318810982,0.8963865267,0.2729779133,93.812,0.0327969211
54736,261.1315732606028,51.16277781601429,0.4834669873,0.0667644779,152.557,0.043259055
54930,119.67872109330382,24.91685746763839,0.6908094057999999,0.4463062881,81.792,0.0367396273
55402,171.90380892563113,38.99838618100491,0.9333785840000001,0.6497482491,90.03,0.055041392800000005
55709,519.7604707340222,104.3444645837259,0.6706717605,0.0450968476,139.996,0.059334753600000005
55710,740.8800513339293,88.6875518663308,0.177358198,0.12505928089999999,90.381,0.0327155111
55711,529.864929803116,92.52910911946832,0.734669825,0.1559925998,113.968,0.0314192117
55712,667.0214386106317,102.29642257678704,0.5431996725,0.2783744861,139.982,0.0306377734
55715,259.68931459613873,51.203564725537944,0.6395552471,0.0695926085,108.019,0.0278044753
55718,230.3087606521793,48.43216127848839,0.8619850281,0.8607305917,140.042,0.0345354908
55719,367.65763452602835,66.59725172914911,0.8399925704000001,0.8216652322,130.119,0.0781378546
56883,73.55843614225843,21.011888480043748,0.8516019737999999,0.08921016,108.848,0.0311726381
56885,220.355424052775,47.83449750590133,0.6543176989,0.2477219929,142.746,0.029796012799999997
56929,127.32877263624054,32.454839375715174,0.9159336069,0.1533178688,154.297,0.2022124355
57558,298.88826200691705,53.865054163533934,0.2822730866,0.0944012501,101.769,0.0298262175
57624,196.8844377282268,37.387046014239274,0.4991809966,0.1026387369,128.343,0.0336354902
58221,230.43920454102184,50.2619146559259,0.8111905467,0.12350224470000001,149.992,0.077679259
58539,143.39014630122963,38.938680607007136,0.9732154713,0.13614336359999998,95.911,0.044247575899999995
59876,215.1391179774476,41.63220475590044,0.670768185,0.376850415,84.139,0.0327690823
59904,390.3635555326095,54.35064003327857,0.33781032450000004,0.10329184890000001,76.337,0.0335875268
63043,68.93705685623665,17.09470736847857,0.9286271627,0.0990607674,162.85,0.0466503321
63045,126.35065591354127,31.769285014664735,0.8374517145,0.8943356173,198.856,0.0399439121
63187,144.41733044720945,34.63557135369108,0.8265317389,0.0783656821,121.355,0.044205975599999996
63188,203.44931078761144,46.44724907321205,0.6670960482,0.0995458055,123.623,0.042728096900000005
63468,60.73411584605153,18.11839828512009,0.8977734478,0.1877656339,151.281,0.09176186759999999
63469,48.76635650104916,13.86074547199018,0.9053106129,0.6366513064,148.383,0.0712989611
63472,87.77715285542752,27.203893148446873,0.8753960551000001,0.27255360019999997,150.41,0.07233955519999999
63593,338.36700079956216,54.152772271679915,0.44354939020000006,0.28407980969999996,119.385,0.0391383211
63922,215.4330258772836,43.10982005312768,0.35541082399999996,0.11600631380000001,105.862,0.0339921507
64029,108.15926968817898,27.20925581362857,0.8556789709,0.1300653553,89.968,0.0459398066
64035,89.93730056737797,27.377041702758483,0.8590773193000001,0.3357974393,91.958,0.0553276396
64567,185.92114513015358,42.400218947573656,0.8990965109000001,0.351077061,163.983,0.1477736241
67121,208.2896950016927,43.342143797044194,0.8565685547,0.1302444959,113.997,0.0489393017
67566,199.9179123926889,49.49855237416026,0.7226600724,0.2658465285,141.646,0.07092839769999999
67654,447.2023273963311,79.14289355321384,0.4406801081,0.118004249,140.007,0.1647840668
67659,497.94676998526376,73.78770805555892,0.9605480984,0.22939584649999997,110.999,0.0755725404
67660,718.1371858457011,81.81851730495714,0.9426171325,0.0831476857,179.97,0.225470625
67661,709.9305468330234,131.05939561698125,0.0699784953,0.2724322241,89.992,0.0434095149
68708,70.40220224329026,23.548752254154465,0.9254827447,0.0377102181,176.709,0.049890335
68712,90.33771875650544,29.009418466473658,0.9561514193999999,0.0419053573,159.334,0.0537872683
68713,91.81435697431267,27.41334952408705,0.8434734142,0.10192797769999999,89.765,0.0401799423
69259,147.46390681874777,35.12219698315402,0.6090542483,0.2099106824,147.211,0.0267252824
69263,147.77405160443817,39.174872026236166,0.6586253613,0.07650579980000001,160.131,0.0275513816
69781,212.81613080496106,46.71413930646607,0.7928857548,0.053984102,163.454,0.1298069055
69945,214.68680629741388,54.45282599634286,0.8891324009999999,0.07048594679999999,133.068,0.0573557304
69949,179.3068464111852,37.97914084212544,0.9221676403,0.181925025,144.469,0.0524101929
71362,376.6305320767526,66.69199056979465,0.7107370219,0.472824184,99.639,0.052091701799999994
71365,116.56117142794385,32.943177696795985,0.8659380790000001,0.1326773889,142.781,0.045133458
71371,104.26318103815105,32.840642705175,0.9339490746,0.1929456182,145.754,0.07217136980000001
71372,327.34452838967627,65.14817405221429,0.9113907393,0.1145576125,138.75,0.1653793241
71488,73.29874803055662,18.333856670644643,0.9720720829999999,0.593921625,108.028,0.040663852599999994
72060,270.0291341926131,62.20435603055313,0.5915831205,0.0779129943,86.402,0.1479306152
72475,154.23045126998866,43.791754225129914,0.9376804242,0.1549078227,157.835,0.1049738594
75211,406.4813308458261,79.67586392661964,0.4264782819,0.0530646625,139.424,0.0663369112
75903,177.30057340996171,40.05842165346117,0.6634161990999999,0.21270414489999998,108.237,0.0439152688
82462,291.5494406041477,62.75143056703304,0.42266223280000004,0.1037325099,109.888,0.0338871862
82464,156.67473910116234,37.44292987683884,0.9068678317000001,0.20872611859999998,154.262,0.0399146022
82468,124.68486411279588,33.699540803178124,0.7015381334,0.3791502604,113.428,0.041366577200000004
84289,100.07031186734844,32.06814266416205,0.9199963467,0.3303957729,142.77,0.0704877126
84290,222.8221100708524,52.873775542100006,0.7055380843000001,0.2730281145,138.405,0.0419409114
84291,99.75491044057938,26.188406074528128,0.8616213348,0.34195876070000003,143.082,0.0318953889
84294,131.35739253686074,34.562067353605805,0.875727659,0.1985084439,156.182,0.0483555251
86795,146.4863115863493,36.05040263693884,0.6025989143,0.3068922971,125.107,0.030112662000000002
86799,182.4853397193475,36.84139038942321,0.7868235093000001,0.1013539314,156.175,0.031723322400000004
87361,203.5117694561952,40.32818945473973,0.7491975646,0.11537877960000001,132.273,0.0297274648
87363,424.70177847235135,74.78014877407233,0.4457297335,0.054965691500000004,118.757,0.0408346902
87490,92.80591332263246,27.35951235556607,0.9253739251,0.0725284159,182.503,0.0496914917
87491,112.34934652802822,28.626032638086162,0.9061347922,0.09385931900000001,186.919,0.0634805294
91205,259.7114617575916,54.92027875947365,0.44207903270000004,0.1564728015,80.951,0.0235635276
92521,199.53898572530363,40.30693935424375,0.8131958058,0.1344527353,124.971,0.0333829446
94532,128.88460237158753,25.542502260318752,0.8913254127,0.3164713372,162.262,0.0586503531
94550,277.26047511914066,57.89577034426294,0.7380271543000001,0.104062839,123.158,0.31699768079999996
99250,105.80310128862575,29.80386236684464,0.888614778,0.089722455,110.05,0.0394455205
99259,127.3814232833309,33.1914821759308,0.692344656,0.1506692574,150.031,0.0312906969
99260,136.30735825654386,36.67315822922545,0.931162556,0.14099041539999999,104.997,0.0544569843
104086,167.10827420619302,34.656360475986155,0.9413265720999999,0.1295751571,156.089,0.11603253050000001
105094,131.80601084802515,37.58655856824464,0.9967967616,0.3592526779,120.155,0.0805986237
107476,293.4628011870249,58.117346484068754,0.4183871256,0.3409851099,130.056,0.0424722922
107504,170.17813532088633,39.58684280899108,0.8213724091,0.1774461262,146.666,0.044445737699999995
107506,84.8861739597641,20.147005619198662,0.8846354898000001,0.13586895029999999,121.727,0.0525229804
107507,157.61611654960555,36.5494360218192,0.8925439359999999,0.09683191769999999,82.536,0.10510903529999999
108290,167.91505252888112,41.42538771815223,0.5348766421,0.2187768153,92.47,0.0319412803
108295,238.986884246473,42.39616806597633,0.4028780824,0.1105826115,144.362,0.0285925088
108297,517.5368829780317,67.1865927538192,0.4668300393,0.11391340960000002,136.064,0.03484655
108298,247.65868458958985,54.21929253993705,0.5780824831,0.3032169751,180.154,0.0424367878
108957,129.74101649770475,28.287575768579018,0.8204251122,0.5389931514999999,138.446,0.053512577199999994
108959,361.6703044816949,53.177542324693306,0.7008930333,0.1223376164,164.816,0.0349817184
108961,98.70023168522201,28.804776672455805,0.8424266629,0.1034329256,169.915,0.0583903213
108962,381.03359487686356,56.67618489437903,0.7342310114,0.100472771,133.187,0.0511901379
109235,158.32797338067417,37.90291641432321,0.8804745037,0.2708754128,181.802,0.0578432208
109349,222.25159890706374,47.368129480655355,0.33552855530000003,0.1179824047,113.941,0.0364600752
110544,85.79296529948205,24.547671447877235,0.9478610681999999,0.39645386369999996,139.143,0.0905991486
110545,206.03895376691213,39.932475719694196,0.8336097684,0.11673311859999999,124.956,0.0561907015
110546,298.43052322148645,41.038844728216965,0.9104990648000001,0.1095368691,134.369,0.1068608607
110862,171.85944881890666,35.94574481507053,0.48444345990000004,0.2286729573,169.79,0.030560559100000002
110863,272.1173779349178,53.03389315342232,0.7020983211,0.3193540156,125.858,0.031070216299999998
110980,173.87651681820665,38.335278819356695,0.6020192367,0.1070572332,125.02,0.0344890156
110982,138.3711449539094,33.0736928423317,0.453355467,0.0946381899,120.016,0.0350842984
110983,118.1015685251535,28.302604633985716,0.5477528956000001,0.1004427079,120.008,0.036807130699999996
111747,289.5004701619464,53.3708481719857,0.1507513164,0.118506736,143.456,0.0387991178
111910,119.98034973034942,23.66385148734107,0.197465447,0.3269195446,73.061,0.034689435
111911,176.86975467029458,41.63282807934733,0.6032644051,0.1389722824,194.588,0.0488460136
112313,343.65809788103894,51.420413208056246,0.0569943917,0.1153536482,109.885,0.0328859488
112314,102.32771937943872,29.06640418580536,0.8708593775,0.0284751897,181.948,0.0425204508
112315,78.90459521601244,25.775843670787502,0.9464059618999999,0.332096944,176.993,0.06427947099999999
112316,128.06548982107262,32.81608931204197,0.865630272,0.113464135,143.013,0.0325265816
112318,76.58796284608661,21.820387596631253,0.6200270801,0.1753076517,137.999,0.044978566100000006
113298,124.92568514093885,30.177809256290175,0.9437628416,0.2259021844,95.775,0.1636167527
114198,134.15925321841627,33.34901915597143,0.916444142,0.1527632153,92.518,0.03521475
114200,103.41054369718167,28.950736920154018,0.8753047751,0.10730733699999999,178.038,0.0554688213
114201,264.57924817255787,51.58633990775758,0.6665511859000001,0.09236311859999999,114.077,0.0416029467
115761,79.5980296392371,25.92859062664642,0.9948774401,0.32715342210000004,140.479,0.1133707895
115762,336.2485867186345,51.404699048527235,0.9705584527,0.135037286,98.683,0.1550901374
115763,446.4395812244433,66.29530686185625,0.6188987771,0.14023625480000002,88.841,0.049736875800000004
115764,312.4716104333021,56.360545052799566,0.8567494079000001,0.3189738862,150.01,0.17922295670000002
115765,211.05551534662848,43.972928735519645,0.9958139424,0.33342122820000003,109.966,0.0724639466
115766,205.94251495662508,48.61061250105268,0.5020092171,0.1610543837,95.016,0.0349906781
116546,311.49474995168015,64.4403573142424,0.41996494759999997,0.3036752961,172.725,0.044763719800000004
116547,331.7573405257986,64.18702808130715,0.43522882840000005,0.1168659021,37.245,0.0380223343
116548,256.5459932687713,48.55516567244375,0.3016678062,0.1267731193,85.93,0.030095585600000002
116867,77.88271798604828,21.43403401496518,0.6323814045,0.3365784582,200.293,0.029170488799999998
117878,67.12019545620068,21.025018703748213,0.7603050648999999,0.0566225728,135.04,0.0443838847
117883,95.05856551641925,26.000632269525,0.9437129823,0.2015086153,180.165,0.0895369653
117884,263.8994919520746,51.163408486508935,0.5650206722,0.1527654018,125.576,0.030679552599999996
121256,286.99252526317053,50.64192999930179,0.7702806126999999,0.3341532908,146.97,0.054363714199999996
121260,372.5322615230709,66.39640639645982,0.35440159590000003,0.10299855050000001,146.704,0.0490304653
121587,147.37062582364243,36.04331662795401,0.693055235,0.0752089654,92.154,0.045126636
121833,139.51758323407591,31.055409014850447,0.7724864981999999,0.11222098369999998,127.84,0.0370502421
122472,214.9212052885463,49.18197237881875,0.21942271489999998,0.1074380143,130.108,0.04902823269999999
123427,111.9784251035222,34.09457151352366,0.7978537204,0.15885364429999999,167.926,0.0381499057
123469,293.69523525847757,60.061913414017404,0.31493046269999997,0.1747767751,89.727,0.0321158404
123473,300.960324196002,59.39400101912947,0.4836524143,0.09640659300000001,129.856,0.0345853377
123561,162.4581367154609,40.917734764550005,0.6906954688,0.2538270822,93.071,0.045781354100000005
123821,468.7488646085299,63.10019699714018,0.3296444484,0.1044946042,111.243,0.0312622782
123822,497.9174673914049,78.14456320602007,0.47744501780000004,0.08825285349999999,79.372,0.0493673473
124184,166.46303493092884,43.51497068370268,0.9551085729000001,0.35289735829999996,124.996,0.072760912
124185,140.166296660404,36.911188912509374,0.9686722588,0.2129830473,95.066,0.0529159975
124186,215.7497108690764,42.077899216781695,0.8645419459999999,0.2625441342,83.747,0.1006014286
414,510.7334965463905,97.87069882874373,0.3929718001,0.620822932,111.627,0.6214270932
665,426.96516091746656,62.51419417375446,0.6615805111999999,0.10400533210000001,109.914,0.045762321200000004
1482,358.3691014554943,73.12026045870849,0.17679939149999999,0.09442251269999999,97.539,0.2300116964
3565,568.6030313154928,93.99725512220714,0.9876743212000001,0.0969988192,145.766,0.5340770475
3573,221.7355324669164,49.53074955129955,0.8627467642000001,0.5351868351,179.986,0.1337819872
4519,239.88221601350224,46.12539383553616,0.509240895,0.37170287490000004,93.704,0.0690599152
4520,301.18080548963576,51.83013545397993,0.4413672903,0.1759724994,98.684,0.0328699661
4521,242.21052039416975,52.12492626847142,0.4731691957,0.21866649149999998,129.3,0.0437372743
4522,220.45261704678276,51.55923038801965,0.6043295499,0.3603763804,100.811,0.08846042609999999
7011,427.4723042169524,79.14659329297231,0.2771852067,0.15683991,58.945,0.037506411499999996
7937,175.93875956506162,44.17991364335982,0.8158403544,0.1263609131,186.962,0.0364636233
9186,317.8140362273892,66.2475229411058,0.3676952601,0.1164605457,141.652,0.0972177714
9813,294.3629993279706,64.04445730377411,0.32570433600000004,0.5889947834,119.977,0.0327724509
9884,245.08589105745878,50.69606653384643,0.5032154159000001,0.1596104611,132.839,0.031753338900000004
11262,647.3577631184506,114.8062558510826,0.5637149693,0.1676393871,135.073,0.0358954226
11266,433.64107248563454,75.14107237222187,0.4745775539,0.09347154390000001,184.03,0.04720058110000001
11273,330.8283969981466,78.7566882258,0.4476694662,0.07832181740000001,180.457,0.1059174368
12189,238.70882712928614,51.91485146596607,0.4136335875,0.0882058015,96.26,0.0561194254
12275,386.57050698603956,75.91394836004598,0.5470995462,0.0864727443,119.989,0.0521264283
13367,278.2497710912739,63.06600227085223,0.6048407278,0.653778622,162.023,0.052887689
13474,362.056264132695,78.89208552821516,0.5333815593,0.10302540859999999,100.014,0.035244197000000005
13562,207.45075045044277,46.20706312912991,0.5522799487,0.2267909188,99.978,0.0271927538
13668,409.49301279428187,80.21426921844285,0.29279178640000003,0.0831936188,200.076,0.17339572379999998
14344,519.5789015224492,103.41215834078126,0.20297998960000002,0.0768478147,100.022,0.0389516056
14652,114.09683763108016,34.01817236425759,0.8953917232999999,0.13296093109999998,182.014,0.039677699500000004
14803,569.0971150499931,106.5957344185183,0.3153111219,0.1314473564,137.044,0.0326646018
14869,632.2012994789798,123.51727403207678,0.5003709539,0.0752198058,125.082,0.048517483300000004
16827,291.68978661055627,65.2447807029192,0.5580930955,0.1147918264,98.004,0.041220588100000004
17882,148.5472845030446,39.657876394145546,0.9894728353,0.2939433503,150.555,0.04069967
17884,109.94742553658543,30.786618863224998,0.8912399205,0.2726286696,140.274,0.029028073999999997
18636,179.34098171167298,45.079944327775436,0.9298142928,0.23644699030000002,132.044,0.0306397396
20667,309.0127267721104,63.06284891094867,0.9467880645000001,0.1074033,100.039,0.068823032
21422,189.27584598348537,50.14959152921653,0.9120969915,0.165451109,111.992,0.06544920679999999
21426,280.0756197868359,60.15067846537232,0.751279716,0.1284844957,150.039,0.0421213198
22592,323.3748871475337,72.9532788781991,0.5719105738,0.1647898089,143.958,0.055119136799999996
23010,402.5341391076566,75.28408987961697,0.7934750704000001,0.11426334949999999,100.047,0.1024459717
23013,372.2779821515895,75.55134103562409,0.8266314953,0.068605738,115.027,0.07595834230000001
23016,195.9482772401687,40.032485034990636,0.3775093947,0.0964510674,120.045,0.0464867535
23036,291.3573522340632,66.20083605250358,0.6316365682,0.0947430632,129.815,0.0632151479
23355,396.9135308705355,83.09110842517858,0.7694869572,0.4085340606,105.009,0.07775679320000001
23505,577.9543635887281,120.98870575005401,0.748253961,0.115238251,120.01,0.0836525266
23854,312.0229262192921,65.88251548600357,0.9576715328000001,0.3319318321,125.287,0.0683426012
23856,184.0790607640699,47.62976633228839,0.9664366618000001,0.5451414961,161.923,0.0643184659
23857,250.64827573500912,57.246811302884375,0.847008805,0.0754579033,161.945,0.061170265599999996
23858,133.33005110717968,29.343279135660264,0.9212165489,0.0830080991,120.895,0.16043600689999998
23860,546.892448681158,108.79532952828082,0.8944886676,0.0999825459,187.972,0.5051572879999999
23861,385.55435749965244,77.33607517821072,0.8245678337000001,0.1102559627,150.316,0.0648296622
23862,347.05006668082024,71.96462362688393,0.9065267989,0.0983604824,152.911,0.0919498259
24177,189.76437443930234,43.23806861157589,0.8414270119,0.8452418878,131.615,0.17123173940000003
24750,483.30025673180467,94.90468824029598,0.4291016385,0.0964987347,84.088,0.13894685910000001
24855,314.2240881423869,73.3879537281232,0.45924445329999997,0.1100754534,118.03,0.0549743475
25378,125.0340837200449,30.128210391145085,0.27628078510000004,0.0790178188,125.841,0.042054700800000004
25397,152.23410040254973,41.56951100076562,0.5643196907,0.1074861483,99.996,0.06913517870000001
28179,267.05024734090676,57.87551532626562,0.8379018454,0.29719106829999997,100.984,0.049556740599999996
28546,397.2733022010656,78.57966526721205,0.6980833474,0.1448078958,89.99,0.0431769716
28548,201.74505427230304,49.27487505509197,0.2854511063,0.05176836,130.006,0.032577541
28553,224.81924442168673,48.44959429691785,0.1552634869,0.11156902519999999,134.836,0.031108728399999997
29037,458.59720112857497,96.67031040908213,0.3476796267,0.0625158462,119.964,0.0553438294
29038,850.2494692690777,152.76432031943975,0.4909892817,0.10684280859999999,89.998,0.33583933979999997
29039,685.350868221829,129.44955655299242,0.3616075329,0.1307215332,85.034,0.3282015352
29040,899.2845746885149,160.80383098850396,0.4940129588,0.11502263310000001,63.345,0.1553179337
29041,694.1339037225268,129.54198270781785,0.2718102478,0.1136209948,85.137,0.3942194932
29042,989.2492633398526,165.40791031047635,0.3777390729,0.10851742550000001,111.982,0.1611439815
29043,633.319887175924,107.66866989224908,0.1824435878,0.1268445188,89.979,0.0596641401
29044,584.987167433692,121.68867243825757,0.422473128,0.1813659611,180.005,0.0909870877
29526,148.45503670470154,43.47789904717545,0.9650593478,0.4077644125,129.998,0.044856052699999996
29527,515.5937574644566,86.57523884179777,0.3303333683,0.0958196265,160.059,0.0691785981
29528,285.79883509211163,70.08253082840179,0.4390526549,0.0578018113,115.993,0.0334788768
29530,121.90492061801125,35.75203300627545,0.6513922953,0.0975310422,120.042,0.035526668399999996
29816,175.07727036800347,36.03125421152411,0.3660395335,0.1512156816,155.08,0.032978049100000004
30519,178.90247948626347,36.95651666918884,0.7479562028,0.1219142998,64.507,0.0403332128
30520,225.4266214918137,54.632543087812515,0.7463647815000001,0.0992508331,132.929,0.0357174782
30521,153.18312083228167,41.08064822932903,0.5881581963,0.3318359593,132.017,0.0440426506
30522,210.25778659882764,46.53015597644107,0.7931373006,0.0522267908,134.094,0.0317559611
30893,904.5417277651273,129.84287930070403,0.616280821,0.45443311090000005,93.152,0.12691322130000002
30895,720.6034843640086,129.30386674417278,0.3137185791,0.08932192550000001,179.91,0.3657700958
31040,513.1509847591391,104.39231829050001,0.5475571793,0.0994154757,160.058,0.11383995640000001
31041,388.46035649839797,81.03160850341519,0.4110270835,0.1375324392,130.029,0.0409922889
31043,784.9135233612421,139.4946934084763,0.2966272014,0.11486639050000001,84.998,0.06540640519999999
31044,420.380628039763,85.3155853155183,0.6983443870999999,0.10002258509999999,99.995,0.0728570972
31568,357.86986451670384,69.52653473247054,0.5477860026,0.30973776280000004,120.003,0.0378668291
31577,260.7401499500047,60.34990496811563,0.9047465909,0.1177401198,120.04,0.08226950599999999
32218,318.23300091395504,68.7904220099942,0.7021719598,0.316608218,173.931,0.3726949779
32433,148.2784344906429,41.154061120745986,0.8685423026000001,0.0949649284,85.325,0.0608174997
32435,78.53439109999495,20.609474003584825,0.9653026402,0.09548563619999999,130.006,0.051269548399999997
32437,114.43987134297174,31.854366922308934,0.9985625795,0.0641098505,131.229,0.0764748499
32438,100.73758093149719,28.65996385039955,0.992145409,0.1003449152,149.335,0.2603941242
32439,75.83215582236804,24.310505007166967,0.9877835240999999,0.0917904093,81.167,0.1034639838
33064,222.42025449472195,47.06872926924598,0.8203166995000001,0.16022740119999998,179.006,0.0439678896
33203,251.14659942897987,57.59076869876339,0.6729094032999999,0.0607681067,194.646,0.1309646751
33213,562.0074036361599,114.5832247571433,0.8309788938,0.094925043,82.765,0.2077164588
33216,637.8321286158877,125.53891283378617,0.3884341476,0.0637900843,89.251,0.0413033007
33221,309.4115078493103,74.17466771142769,0.7769034717000001,0.10476516710000001,85.742,0.0853000667
33623,220.33391854370393,47.465483055611166,0.6634414386,0.099005314,144.028,0.050771240700000005
33632,459.6360812089749,77.06822720473617,0.0390375217,0.10643848880000001,53.311,0.0357266344
35296,161.6720606223081,40.54100146988348,0.5297246354999999,0.11166527400000001,220.007,0.04822141730000001
35299,480.91232189317077,83.12400500225267,0.5131390379,0.09681407869999999,140.166,0.09263708699999999
36096,767.2647244109301,146.90948577383617,0.5301758576,0.09593619140000001,156.029,0.37208657770000003
36097,834.5483788952652,150.44575225191247,0.6037260645,0.1003816974,130.886,0.11437488300000001
36099,783.3136115311293,153.84326247376205,0.7002686022,0.08550249,240.302,0.1057939548
36380,364.6364089693738,81.62162804536786,0.7815080575,0.21509672579999997,101.666,0.12483172109999999
36428,490.6042161117693,97.95306485864731,0.4178569435,0.10936161119999999,92.981,0.0669813599
36435,323.3865401630438,65.10267962515313,0.6692345463,0.1333294217,128.142,0.0415015915
36998,1123.8441468618914,179.7999738270665,0.6119147725999999,0.0734111566,74.377,0.39823585219999996
37131,173.88856162861273,39.96977042571876,0.8751995523,0.3882968779,120.058,0.0879945345
37917,174.98875681946882,47.12716196306875,0.9929489021,0.1094683058,99.982,0.1439619975
39291,464.94328169690107,97.63599236856295,0.4364323515,0.1117180157,124.994,0.059451772699999995
39605,498.4394420213159,103.40939800892367,0.5005356297,0.1308959966,129.014,0.059242400300000005
39607,785.9745564413835,151.10836339060802,0.7255742217,0.103838623,125.982,0.10208782470000001
40081,322.6127166592295,73.16207100456161,0.46228090380000003,0.170732174,91.738,0.0643442207
40842,282.2804468497241,56.259530632912934,0.5688285746,0.13894964880000002,86.958,0.0313860515
40843,291.6225191521454,43.585377318432144,0.9303121970999999,0.09168693630000001,103.943,0.0363138127
40844,303.2864533164686,51.63908370825491,0.8897306993999999,0.09299764320000001,165.985,0.0660197587
40845,353.5861586009701,70.38360908949153,0.7152350308,0.0840662189,200.007,0.2379281908
42018,480.1560317744693,96.81353139436786,0.5178546653,0.11831620300000001,135.99,0.0500331406
42019,473.0060796537774,96.00891078443215,0.6534367239,0.11472859980000001,150.97,0.0593862758
42372,898.0919891481996,136.62854975085313,0.5296297687,0.1117107552,115.047,0.10447832119999999
42373,763.6990305132952,133.66180777161875,0.39645100710000003,0.1106538434,126.01,0.0652486619
42374,1225.3489682705163,202.42940087760894,0.1402834215,0.1107992931,113.057,0.17974110969999998
42375,938.2757341032861,136.33687994665533,0.5459508217,0.1057320932,128.988,0.0476425636
42376,566.1311797850202,87.86043116997277,0.7316624448000001,0.10382834099999999,140.02,0.04574643
42377,681.3034243533676,119.30880834146919,0.5628761784,0.10504238490000001,128.999,0.06344527009999999
42740,397.64373529749236,84.19304711629377,0.5055170481,0.0972555661,126.081,0.053308338399999995
42750,489.95058166092576,91.50748765707768,0.5830884603,0.108027667,98.978,0.0427880999
43154,390.775585279731,88.86631829310447,0.8319494529000001,0.2003216406,145.015,0.0587351535
44092,690.2340303197161,122.26954152687544,0.2272705122,0.1061662248,100.008,0.0348555938
44093,261.61961267357464,63.83399174346116,0.9702860349,0.5657424524,66.813,0.0657236466
45099,136.37969780627043,34.590517344925004,0.9860039475,0.20731750489999998,99.963,0.0491763673
45101,128.51988650214577,30.602635307191964,0.9585446370999999,0.2076580095,166.659,0.0814381173
45103,121.32743039879911,33.60092164543348,0.9616800211,0.226468263,150.008,0.0410726899
45146,423.19309934753136,82.93964245507723,0.8678094395,0.5791386409,104.999,0.1681240952
45147,681.4287569996916,129.29795612155493,0.5141470958,0.1023960299,104.985,0.0503941656
45149,618.7067628896122,119.68805580623349,0.7095450222,0.1147044596,215.998,0.0703177853
45150,740.5972528959411,129.15765785413257,0.2023911913,0.1203148828,139.998,0.3824485323
45151,290.64051828126634,65.14451554733125,0.7840642998,0.08711724970000001,145.668,0.0325240063
45152,401.7185371834282,82.75515033117142,0.8504210231999999,0.1064186498,93.359,0.09934422710000002
45153,433.6732362573681,88.76423699061027,0.5788569075,0.0858388517,129.272,0.0551513213
45154,270.1389904973872,60.31358249520938,0.8489686609,0.1002192967,78.912,0.3035092634
45502,63.336480130983176,20.75157160399152,0.7840725734999999,0.1298893998,144.984,0.0321856755
45507,101.83731345161414,32.836561738622315,0.9389965654000001,0.3379794451,84.978,0.0725383908
46157,503.62678965785557,69.68599043895402,0.4594272978,0.0976340374,238.737,0.3006036739
46158,237.9472083321344,36.44322949403884,0.0671685283,0.1025885077,92.585,0.0388822691
46159,186.24799614779465,35.31107153822366,0.5882633695,0.11050748710000001,70.967,0.0685400686
46160,752.1868848514949,132.7446770013866,0.5691414095,0.0962221169,163.989,0.079396615
46483,323.14747395685464,67.1877921488759,0.17861550469999998,0.1376945326,145.132,0.030147464
47068,242.25877161248656,63.286285764870975,0.8350020944,0.0712646048,101.228,0.0984882619
47069,120.05849329618361,31.070766830737494,0.9481515762999999,0.123677969,178.886,0.0351279598
47070,119.13820450035482,30.562727027408037,0.6986644045,0.06967056740000001,64.673,0.0752226993
47071,111.55569520643647,31.55961061548839,0.5392782408,0.1548775758,121.111,0.040623499300000004
47072,137.40026986070762,35.73680138885759,0.6741261651999999,0.1748049516,110.806,0.0355102186
47073,142.06525816263834,38.04057657812768,0.9298921298999999,0.34207224469999997,110.498,0.0387547513
47075,91.31913490573471,27.09592190448929,0.270687035,0.1733162748,85.849,0.0397683151
47076,94.90414501445224,28.18438452628795,0.60895141,0.10335825929999999,111.014,0.0284767371
47077,305.18484003749626,77.48364889415713,0.5125681146,0.0930428407,119.959,0.0423063578
48290,154.55695189887575,38.40593050915,0.8882818711,0.1045601874,124.958,0.0418705711
48293,97.59102995804678,25.709729851591078,0.9780619219,0.3715478171,100.766,0.039453421
48866,548.0141339550128,99.28328964355447,0.9322895610999999,0.6696921545000001,84.245,0.4919528731
51785,115.55295170309077,27.46025338783884,0.11850912539999998,0.10007876269999999,204.526,0.045369136500000004
55776,86.88430136521734,27.185297491708486,0.6778042736,0.1759670419,96.139,0.0576991412
56523,597.1136573826084,80.27723261539641,0.5049801713000001,0.09656679,120.0,0.0309355447
66859,275.7767045681377,55.93820886049956,0.2897755301,0.1061275937,78.01,0.14076771119999998
67470,479.9055830101566,96.65541449958167,0.7666497291,0.0672327935,145.031,0.061151917400000005
71503,241.42791844945373,51.5648558437192,0.9676857856000001,0.1581062675,174.553,0.0455244975
71504,326.05364094246255,63.76848492011519,0.8552259759999999,0.1410197712,109.981,0.0494666536
71506,152.16393500576186,37.821460063223206,0.9907704,0.0873686723,143.023,0.043041532800000004
71508,125.19494829802385,35.39309995136072,0.9966145851,0.2229560928,159.956,0.1542775276
71510,292.52749541476857,51.84177915647679,0.8622986818,0.1211408189,140.094,0.0682026681
71511,273.91240608091874,53.88190303132367,0.9413945371,0.0562361269,173.943,0.052360234299999996
71512,375.4746436955949,62.31179331359955,0.9178967897,0.37436003219999997,156.036,0.0328467652
71513,544.788822402806,91.32298140847588,0.49543172659999996,0.0631851522,139.957,0.0460083231
71515,717.4893404317697,119.65286438529732,0.4644965234,0.0935970734,184.062,0.35168138909999996
71516,227.10938006138198,40.85617656637947,0.6576489778,0.1345045919,173.128,0.0542460471
79603,357.72308715125746,71.51997640595401,0.7953452137,0.1080288358,140.038,0.055762145
79605,364.84091862671045,69.57187863132187,0.6016103627,0.2689560833,138.54,0.0665336807
97959,752.7185213385412,108.30020366253437,0.1835719897,0.1026314292,119.999,0.035953368199999995
97960,257.6249383172814,55.036837515812046,0.3219469322,0.11602461800000001,91.981,0.0363427532
97961,444.191584015675,81.0238833063277,0.2137143197,0.0925066465,89.991,0.0392177852
97962,347.7602995932891,69.16341327472499,0.2319799672,0.0613449496,79.968,0.1724820154
98202,617.61720722123,84.30185015319464,0.40919553869999997,0.1105179498,129.971,0.0340006497
98203,731.2052760139582,105.71769485258393,0.3287106565,0.2191850933,93.028,0.0876905057
99032,601.1761883097396,104.61161698384733,0.9146133292,0.0917694247,191.939,0.0829900445
99039,623.2746710487435,113.89133809901742,0.7876382961,0.11067635619999999,134.984,0.045000415599999996
99041,683.2010624231162,125.33270604220179,0.8406135579,0.097743354,184.992,0.055923812999999996
99703,346.8324703334993,65.60760163698706,0.18163158670000001,0.0825250152,110.808,0.035728994300000004
107613,163.49072505973876,38.39379684894419,0.6634962476,0.3278747225,92.115,0.0773369931
107615,228.5614989319592,45.7515318130558,0.5791772824,0.1197525503,108.994,0.0272314834
107616,241.2990972544877,55.17758170936876,0.5270196419,0.062058151,69.966,0.0390730021
107617,468.49980020570155,81.31391966415312,0.5307782336,0.1800532291,95.009,0.0736556463
107800,248.40282190564466,50.80751690337633,0.5633428771,0.6456846702000001,85.011,0.0478545691
112369,639.4609641781923,106.71535385102678,0.8624051449,0.2945949522,130.011,0.0800405443
113326,645.1386727983298,112.412774590704,0.3109767357,0.09667620060000001,139.947,0.0418982746
113331,248.96583059023817,49.29121524839152,0.8380201536,0.3711137685,159.959,0.057275920099999995
113332,258.7567871230893,53.28939624778974,0.3667326457,0.1083072383,99.301,0.0299062023
113334,262.04686759709415,59.07193054436071,0.44154644950000005,0.1272344982,160.081,0.0703529799
113335,686.5530836531441,98.50424754512589,0.35230620240000005,0.1114826033,137.05,0.2438054207
113336,782.0717988144281,121.43532663254686,0.2502508615,0.0879860408,97.96,0.041658775499999995
114241,182.8870831229841,42.64186045493215,0.9242674131,0.0882172499,134.969,0.0404087898
114242,155.3646373286629,37.83210016327991,0.8334573149,0.2762265599,120.03,0.0288599734
115339,455.53039879856607,77.08471048164913,0.5595032785,0.08400058490000001,132.068,0.0436687096
115385,179.08104457777563,38.95886736622991,0.8044241674,0.1318866718,112.455,0.040031508
115388,166.43839603463172,43.82138585734375,0.9800130957,0.120933943,93.749,0.09098583449999999
115391,229.86272800548878,49.12476369779107,0.933352245,0.1134868704,82.982,0.06303814940000001
115392,389.2513035056268,71.71625772793482,0.8155934842,0.11968560339999999,128.581,0.0710293569
118626,463.4141724410236,82.8979277082683,0.33960460090000005,0.1033986151,156.006,0.0458869627
118627,417.42767181241857,72.3991641267808,0.2965947658,0.6822264033,150.011,0.0696327411
118628,309.75205113192527,64.50474599033124,0.2652233013,0.0807685863,140.034,0.024159728
118629,490.03299945625207,87.05431464910804,0.3099580007,0.0690516085,129.801,0.0493025386
118921,427.4464262458704,84.38061425555534,0.5113579756000001,0.2784392488,120.015,0.0328986521
118922,336.6227524166799,74.68033816589285,0.40751039899999997,0.10921668849999999,139.997,0.0411125071
118923,539.5972188100202,98.6623544365915,0.3768123633,0.0557285504,135.008,0.057518435199999995
119048,281.958834636591,61.46671689942456,0.9099320648,0.31586639969999997,119.999,0.0688414541
119049,137.50395800228287,33.77919948822589,0.9412345975,0.1829549725,101.0,0.0494131555
119050,238.2889273123319,55.615256265361616,0.8872156714,0.0607881805,122.997,0.033435565
122999,153.98300208885144,34.392347109528124,0.7289961793999999,0.08397457900000001,117.968,0.046229113499999995
123000,275.47885750817943,53.993589798895094,0.5781072403999999,0.6345319354,129.932,0.0299624942
123001,199.60006562634996,42.84453236254108,0.8346522577,0.2497387045,77.513,0.07338418070000001
123002,313.7260778904746,55.05881013522008,0.579432947,0.5622507395,128.008,0.027431838700000002
27609,369.12294178203945,80.2034937284018,0.5703372578,0.1223664121,94.973,0.18849682710000001
27610,214.87132157800428,53.70054755376072,0.6961791394,0.4859875725,56.214,0.2445060266
27611,262.2023448477536,61.27439961388438,0.8330243797,0.09242499789999999,97.993,0.041908125899999996
27612,362.40553899713245,76.98228945613438,0.5091314534,0.1011972083,101.976,0.1267583835
27613,223.70049192922843,52.65525453046161,0.7089892774,0.1358772045,126.691,0.0615806521
33072,198.98662140592748,48.658186678032585,0.7723261895,0.14178806189999998,149.889,0.1327406079
38775,142.27796923550912,38.717042545352676,0.4214802158,0.08637514689999999,83.783,0.0310175963
38776,192.9889130225229,50.2121447943058,0.7159460442,0.2916764248,228.186,0.057100770700000004
38779,191.59464750113656,45.900442679335264,0.3404580828,0.11492535599999999,125.644,0.033136157799999996
38780,196.77949605786037,49.82697708522858,0.68939957,0.3235307449,220.409,0.040690186
38781,142.26352284811864,37.557346500447764,0.6918910097,0.1568514822,127.849,0.0433431001
38783,161.65907321798,40.730471669129024,0.4220321572,0.1711797148,130.051,0.0326606707
38784,193.7119485881585,48.68088842155179,0.5563874557999999,0.0997590547,211.397,0.0583687628
38785,205.37062373220326,46.144362889620545,0.285077206,0.35284107579999996,115.929,0.033159847400000005
4850,305.98445414837715,62.77191837901652,0.0195134458,0.1250513094,86.979,0.037130396
10026,249.28018535600384,60.11786576383749,0.0726759872,0.1251919957,119.927,0.0421088723
10027,325.309754020885,71.47461238372946,0.0105016152,0.06365661780000001,65.035,0.049050940099999996
10028,273.25130747786807,60.10644688302902,0.0713166183,0.0981204154,99.524,0.0359041959
10029,198.05379363335945,48.687773208912496,0.11235458029999999,0.1291463006,107.651,0.0344232289
10035,217.42854878407786,39.503805394820084,0.0006692737,0.1216337191,125.588,0.0411263282
11326,197.3700707361624,49.08081131907768,0.0125383708,0.1295576696,192.925,0.0618772502
11349,244.99174809860472,55.02751558735535,0.0962742825,0.5170270892000001,157.819,0.0915609436
11750,441.23135634694347,76.13164568533304,0.139748772,0.1732225389,109.559,0.035029701
16271,184.17922045974697,43.80742181271428,0.3317750091,0.0492642973,120.056,0.050678803099999996
19330,327.2315097630397,64.45881549950892,0.0077958195,0.08461164480000001,60.641,0.06353009309999999
19331,223.56573637516115,51.83845178798437,0.0602184243,0.1001118274,156.945,0.0575242383
19332,174.09906579806017,36.97910115448438,0.012661883,0.08871200300000001,53.917,0.0461757983
19333,284.84103361799134,57.86953012766786,0.0232852846,0.0813010705,117.86,0.047727343
23161,367.3271473882729,51.975269934232145,0.23084328559999998,0.2709233842,41.065,0.0316239293
23164,169.34013102805758,32.053405352475444,0.1905304266,0.11153404689999999,150.02,0.0843705591
28549,381.0894003312106,73.90108094412456,0.137303,0.0699520119,68.581,0.0288813742
37979,397.00933985875463,70.18524668898348,0.2354945139,0.07254233759999999,75.306,0.0330531504
48388,195.55910099525943,44.34476464068795,0.0377413026,0.0898305231,119.815,0.0388287375
48406,214.754884778128,47.93979199531428,0.1493853598,0.060818387599999996,136.297,0.0453843632
48408,209.72799437710347,48.18220540906831,0.1709752007,0.2856076676,85.379,0.0518475893
48409,704.9505029561585,120.65956514943885,0.0039303455,0.10788446019999999,42.949,0.04475949110000001
48410,462.451326078435,76.46318985646474,0.2215505505,0.6326333175,74.304,0.0666033387
65782,322.9790291652415,62.314569047586176,0.032659776,0.0680553324,138.002,0.0558097424
65792,132.8208999883409,29.389034229715627,0.036549966499999996,0.07518866269999999,99.174,0.0373515836
65795,211.05538987508496,46.836824541334366,0.0169462912,0.1395248518,135.645,0.05208360980000001
65796,245.40671824481626,48.378883793722316,0.025946242999999997,0.08834563,126.676,0.0508068017
