track_id,acousticness,danceability,instrumentalness
10,0.9516699648,0.6581786543,0.9654270154000001
213,0.933741035,0.3127198225,0.9192423237
821,0.40049442420000003,0.8625099361,0.9089261368000001
822,0.6743564014,0.8704490089,0.8860449362
823,0.2127990615,0.828657152,0.8871058479
847,0.2995051031,0.1447591109,0.022365847
1051,0.9767340561,0.2946399167,0.8897930854
1642,0.2559826289,0.5874667164999999,0.37535216759999995
1643,0.39107541020000003,0.28877421329999997,0.8671570516
1644,0.0333130099,0.38513377439999996,2.885e-07
1645,0.0009002533,0.250468896,0.8843486097
1648,0.8769782494,0.3158151788,0.88786241
1649,0.083582515,0.31637041309999997,0.9427657054999999
1652,0.3010076141,0.10308230730000001,0.941463299
1657,0.0717453369,0.44097003490000003,0.0044546257
1658,0.7736142688,0.3805858427,0.9777208222
1659,7.72054e-05,0.5066279683,0.5275532716
1660,0.6819620045,0.3975637328,0.9274995717
1661,0.6718321398,0.1577093409,0.8725297920999999
1662,0.2960189828,0.41959708170000004,0.8879214965000001
1663,0.5728566874000001,0.3303012013,0.970438749
1664,0.0606283163,0.7544996677,0.9382749195000001
1665,0.0443672891,0.4029179483,0.9056749568000001
1666,0.7376420949,0.4414897598,0.8838743234
1691,0.9957635087000001,0.5748331706,0.9252992126999999
1692,0.9951502148,0.2409584995,0.9644124329000001
1693,0.9956039885,0.18757738829999998,0.8960286590000001
3314,0.5276135941,0.3934717207,0.730105108
3357,0.3874791447,0.3312823484,0.6904913517
3358,0.8769853870000001,0.6003068745,0.7412736615000001
3359,0.8057436551,0.5115761772999999,0.2826119962
3360,0.6445686674000001,0.5107113515999999,0.6275658867
3361,0.40915920170000003,0.39417265549999997,0.7481649301000001
3362,0.9670410051999999,0.49473583020000006,1.603e-07
5175,0.9658466178,0.11854378199999999,0.9707660382
5176,0.8471765476,0.2386169879,0.966573583
5177,0.9471289293999999,0.355541646,0.9671179315999999
5178,0.95379832,0.1896776663,0.9642174734000001
5179,0.9364443820999999,0.4565469323,0.9681406928
5180,0.9485432152,0.4642493628,0.9619116206999999
5181,0.8328614075,0.5568538379,0.9606327434
5182,0.8205069446,0.3971954597,0.9696774151
5183,0.8352428115,0.2803912308,0.9685242769
5184,0.9306045088,0.4111274629,0.9559766259999999
5186,0.2622908032,0.23756623640000002,0.968024419
5187,0.6667850605,0.38308989619999995,0.9715798349
5188,0.0639817991,0.3657135267,0.8778471678
5189,0.0200838191,0.3731496852,0.9504895147
5190,0.0554301567,0.47414452869999996,0.9375825831
5191,0.7946017048,0.45325487979999995,0.9634826056999999
5192,0.23049049289999998,0.2964474074,0.8047580273999999
5193,0.2044413948,0.3194092789,0.9464246762
5194,0.07468806019999999,0.4434410596,0.9589312437
5196,0.640917205,0.2019371525,0.9614695445999999
7526,0.7020798369,0.2765738867,0.00024087689999999998
7527,0.5688697406000001,0.6029751487,0.7887912769
7528,0.0280512919,0.5672369808,0.026182609
7529,0.0125568984,0.6916074298999999,0.8708623846
10805,0.8191926747,0.37921989229999997,0.3085722826
10806,0.6514095469,0.5946546366,0.9154131712000001
10807,0.8684719332999999,0.34748846710000003,0.8765340745
10808,0.5876263249,0.8605446563,0.2163636102
10809,0.5568763747,0.4448102921,0.015213775
10810,0.9861020439,0.4427238375,0.9210362165
11198,0.1226067417,0.2767985816,0.7871353011
11199,0.8671212764,0.3236819748,9.334e-07
11200,0.8485323367000001,0.5686318521,0.04637508940000001
11937,0.14319999949999998,0.6730471515,0.0041361835
12146,0.4489720131,0.7055769759999999,0.8497040691
12147,0.0021043721,0.6037135024,0.8123606129000001
12179,0.0573573877,0.6097687964,0.1074716704
12188,0.1187474064,0.8841714922,0.7304268164
12376,0.39383825340000006,0.7628115415000001,0.10902030019999999
12387,0.0637083011,0.7711763864,0.09261677380000001
12390,0.059504559500000005,0.6587170121,0.0341156456
12518,0.2718066897,0.8029903687000001,0.0018040241
12527,0.5198080736,0.6730733287,0.8536964333
12530,0.3186481632,0.4609126382,0.9444670948
12532,0.9172405845,0.7645659920000001,0.9524461773
12537,0.3354136141,0.440933717,0.8558023506
12551,0.9248362112,0.6126259252,0.6245422802
13191,0.9661073208,0.5751108974,0.4028291652
13195,0.8022126892,0.6418559882,0.697387678
13197,0.7124407824,0.525856479,0.3096825518
13218,0.1333159604,0.6242300327,0.9104362901999999
13220,6.24891e-05,0.5525332223,0.7598634570999999
13324,0.5573937238000001,0.8284830916,0.8955884208
13328,0.6680817008,0.5744195852,0.39245357210000004
13329,0.6768648415,0.8454430575,0.8972828894
13362,0.0115683003,0.6667185647,0.8689246279
13378,0.668785616,0.7997681253,0.4501254365
16155,0.4600122066,0.7073129183,0.7940243488
16158,0.9875356322,0.4543062331,0.9160467427
16163,0.3287824046,0.601979182,0.0007124718
16337,0.9800897961,0.6522198189,0.5288952719
16338,0.8965171469,0.7317133879000001,0.8009020991
16339,0.8531974568,0.7504557928,0.8674348831
16340,0.8782942106,0.7297003516,0.7718840464
18588,0.8686505942,0.4093116087,0.0159235221
18589,0.9012897188,0.5714938653,0.4645643255
18590,0.7961315356,0.3292231419,0.0012261923
18591,0.9652301468000001,0.4431790832,0.0836002986
18592,0.9335414264,0.5714888257,0.7042738406
18593,0.5381299851,0.6945019295999999,0.011244203999999999
19073,0.9270624195,0.5725892164,0.1244524206
19074,0.9462650126000001,0.5977639136999999,0.8691777831
19425,0.0023832142000000003,0.6161481181,0.8715972453
19441,0.11996317699999999,0.5344576058,0.7967178653
19442,0.7961993482999999,0.7024901971999999,0.0141475685
19758,0.9635817503,0.6071686454,0.7472403406999999
19759,0.8360998936,0.6950610219,0.3711306941
19760,0.90421391,0.561500262,0.6932459245
19761,0.8892054348999999,0.5787690002,0.750505146
21231,0.7506377056,0.6024512472,0.0273189851
21232,0.4315742842,0.41671536200000003,0.14014468300000002
21695,0.6989443639,0.7242088563,0.6296432884000001
22068,0.2742278925,0.5105642348,0.6311049576
22069,0.10143719039999999,0.5892807297,0.9090169753
22070,0.074949638,0.5204405797999999,0.8697760745
22071,0.2789013425,0.6679891739,0.8541983448
22072,0.0433354913,0.296115707,0.0199316484
22073,0.004192349099999999,0.9051152704000001,0.9315669605
22074,0.21846959870000002,0.7394294217,0.3211620709
22075,0.7912126620000001,0.3144490084,0.20265345399999998
22076,0.5357217206,0.5987522848,0.7197808031999999
22078,0.0003665543,0.5693814446000001,0.3268995943
22079,0.0797120464,0.4705111353,0.0010977233
22087,0.16573565880000002,0.8347505304999999,0.8432850659000001
22097,0.9847978659000001,0.5725494845,0.0447359054
23033,0.5662353904999999,0.8118591855,0.7074315813
23039,0.1833626435,0.6416162639,0.6966681456999999
26169,0.0051678565999999995,0.7140357123000001,0.1829786823
26170,0.9071837263,0.6082018591,0.9520514265000001
26171,0.0287108884,0.7047320854000001,0.2235276837
26172,0.0444163929,0.2963716547,0.9271173618
26173,0.9896447798000001,0.47543048460000004,0.0229449742
26175,0.7045306607999999,0.7018607662,0.1469437116
26176,0.4367154571,0.5479606138,0.0760987616
26177,0.44804283640000003,0.7337278834000001,0.0436989224
26178,0.3213325272,0.8527694887,0.0746874871
26179,0.012182724099999999,0.5769878776,0.5569132259
27547,0.9949951629000001,0.5427318816,0.43690543649999997
27548,0.9949769543000001,0.4205746783,0.0168096244
27549,0.983559886,0.5039791784000001,0.0536330678
27550,0.9923519360999999,0.3773677822,0.0409732758
27551,0.9946759794,0.44140334770000006,0.8386933951000001
27552,0.9905817196,0.3271170772,0.00034940110000000003
27805,0.9195700168000001,0.4267194725,0.9234945245999999
28608,0.9706974695,0.7837275072,0.95635611
28609,0.8029370666,0.8286409472,0.9695611795
28802,0.0016105701999999998,0.432291866,0.8606203213
29265,0.2094957783,0.5118143063,0.6066671232
29271,0.0110023236,0.5869171436999999,0.2745195215
30486,0.38151198810000003,0.9349092579,0.9051891371999999
30487,0.5815674311,0.6633284179,0.6262250863000001
30488,0.8792145736,0.671230132,0.8615936517
32325,0.9672787967,0.8211181518999999,0.0099019125
32326,0.8338221277,0.8810943295,0.8965698298
32327,0.3849825542,0.5959620787,0.8141232426
32328,0.9550515793000001,0.9014907068000001,0.10189102609999999
32329,0.9811182082,0.6216574311999999,0.9551862939
32330,0.7348235917,0.9416237601,0.8454285506
32331,0.6460502483,0.7518336579000001,0.046272459
32332,0.9929295581,0.3185454412,0.9576523808
32333,0.9478605227,0.8245470257999999,0.032301716099999996
32334,0.9942693852,0.7092651476999999,0.5965434262
32335,0.045958763300000004,0.8415094831000001,0.8433362115999999
32336,0.8514037199,0.6473031053,0.0908273109
32337,0.36829630630000004,0.766393269,0.7951401278
32338,0.8167321737000001,0.716998735,0.4536318642
32339,0.4693206351,0.7835873934,0.0035973479999999998
32340,0.9929612522,0.2619903574,0.9655167211
32759,0.09411078310000001,0.5386268002,0.2253365741
32760,0.3722088629,0.7210330575,0.85397476
33912,0.9921578589,0.49772567079999996,0.7615561226
33913,0.9347523051000001,0.2933001125,0.9414889768000001
34511,0.6738384617000001,0.5278409543,0.9707347637
35184,0.015413688600000001,0.6284542535000001,0.010927167199999999
35185,0.2377781669,0.5649408788,0.0912298673
35186,0.0656836192,0.7887780589,0.8821160409000001
35187,0.0042920138,0.6603920015,0.8164554702
35545,0.5120835286,0.7255582247,0.7764996789
35546,0.24222833230000002,0.7779790376000001,0.8089146284000001
35548,0.1691184368,0.6195337898,0.7171155845
35549,0.36173222060000004,0.6847611501,0.9121021253
35550,0.3223548996,0.5978273491,0.9213154656
35551,0.3198569889,0.6167367245,0.3165344665
35552,0.5201607501,0.6137329882,0.2279787842
35553,0.9382378554999999,0.5964550465,0.0112223529
35601,0.9870504038,0.6532920453,0.953528507
35602,0.8753421375,0.694666505,0.0004797468
35603,0.8508559203,0.6777935941,0.0265703154
35604,0.7323246367,0.3234756577,0.6393957601
35605,0.9929774440000001,0.5188126593,0.9198150012
35606,0.8880094603,0.6535969483,0.8475253733
35607,0.8660388024,0.6273890520000001,0.2923343159
35608,0.6885638170999999,0.6672256599,1.2428e-06
35609,0.7277271179000001,0.552388062,0.2043240663
35610,0.9951928956,0.4494273409,0.9616336611
35611,0.9360068474,0.6383107317,0.006457483399999999
35612,0.9308797065000001,0.43103951310000005,0.0021189457
35613,0.8235715959000001,0.7134138645999999,0.0005879712
35614,0.9751337322,0.3068649907,0.9129959347
35615,0.7195371445000001,0.7092296464,0.5026940158
35616,0.48095282920000004,0.6675640756,0.8897683448999999
36371,0.2824487483,0.6220155848,0.5562347823
36388,0.057187169,0.6107503496,0.8227291659
36614,0.9764797753,0.6123679134000001,0.9037845822
36615,0.3437557205,0.6255246585,1.9009e-06
36616,0.9482742770999999,0.6199427349000001,0.0022835257
36618,0.9370687651,0.5234767527,0.8920562617
36619,0.7958604153,0.613639599,0.014847694299999999
36643,0.9863953345,0.8261659131999999,0.23309314539999998
36959,0.6278672005,0.5889229259000001,0.086332564
36960,0.9251320475,0.3815151599,0.2776326552
36961,0.4568628836,0.6254658441,0.9377490820000001
36962,0.5528086221,0.2237462166,0.011339571699999999
36963,0.061178601900000004,0.6342338341,0.7792823696
36964,0.0266829125,0.786806095,0.9297915515
36965,6.1706e-06,0.5663925527,0.8836076867
36966,0.35005859200000006,0.7473112845000001,0.1229267175
38961,0.0797375266,0.48859477630000003,0.9201620982
39531,0.8977017576999999,0.7968832283,0.9390136453
39532,0.1445869969,0.637532758,0.9464043244
39533,0.7881064628,0.5653700746,0.9490983276
39534,0.0166548496,0.7612015701,0.0484508625
39535,0.6408019574,0.7619635719,0.0099155955
39536,0.17819711649999997,0.4006700619,0.7384724477
39537,0.0008559972,0.6157783189,0.4341804685
41568,0.9604922120999999,0.6599616386,0.0563258369
42048,0.7110643506000001,0.5655736615,0.2369475553
42274,0.785420661,0.9487993692,0.5198027559
42276,0.9874762868000001,0.419398334,0.6816896856
44805,0.739388987,0.6570416088000001,0.34296229380000004
44806,0.9903787454,0.44277275270000005,9.4e-09
44809,0.966050557,0.6678692354,0.2347427689
44810,0.8488500004,0.668988126,6e-10
46732,0.6329311106000001,0.5622139183,0.9116606212
46733,0.9651679786,0.5864965463,0.920298906
46736,0.2958828076,0.6464674925,0.8314646287999999
46839,0.6970184042,0.7376077123,9.449319999999999e-05
46840,0.2845640257,0.5634619072,0.0030115603000000005
46841,0.49023685479999995,0.6753499811,0.0067343709
46842,0.4596089101,0.5848573453,0.889564265
46843,0.9427852016,0.6179032952,0.0671887085
46844,0.1576662652,0.6309233124,0.7332145487999999
46845,0.8563549123,0.47017004630000003,0.39344886100000004
46846,0.3298273319,0.7929024707,0.000622465
46847,0.4027538046,0.5889257771,0.030980985200000002
46848,0.8835748459,0.7169872804,0.8952748340000001
46849,0.8044453133,0.8005819984,0.7928742126999999
46850,0.9902156297,0.5412617433,0.5250802954
46852,0.550867341,0.5066530254,0.575832906
46853,0.9578753837999999,0.2773168822,0.0198046146
46854,0.22360423129999998,0.34526751590000004,0.0645275112
46855,0.1943505855,0.4325234982,0.3627104747
46856,0.9160848131,0.36179785439999995,0.9254496233
46926,0.9372418517000001,0.6439858317,0.1309766902
46927,0.2250002298,0.8295910626,0.7781208611
46928,0.9853667890000001,0.39966429299999995,0.8683445276
46929,0.3264968777,0.7980047945000001,0.5919648572999999
46930,0.9870867956999999,0.4428390399,0.9213659014
46931,0.1559302723,0.9124020359,0.106032738
46932,0.1351837659,0.7355043255,0.8059239198
46935,0.0361717357,0.6178805881,0.0802599089
46936,0.991243202,0.47735255039999996,0.1714637592
47665,0.0161760926,0.6417986097,4.7538100000000005e-05
47666,0.9724885283,0.37859651899999996,0.1864358491
47894,0.1281261876,0.493036821,0.754220764
47895,0.0223629102,0.45307320079999996,0.8321231301
47896,0.0069359571,0.5280341579,0.8889654854000001
47897,0.23505646239999997,0.5553389005,0.8892712895
49473,0.6955510706999999,0.6514462892,0.6351179339999999
51119,0.3672702031,0.6559497822,0.0175747685
51261,0.0072077011,0.7449672648000001,0.6135782372
51265,0.0210499406,0.5167465187,0.8201699925
51272,0.8315053896,0.5268798315,0.8745766462000001
53937,0.57044085,0.7395123990000001,2.90794e-05
55286,0.5173307239,0.5539731137,0.0020611854000000002
61670,0.25642752879999997,0.611615141,0.9028232573
61679,0.000821421,0.5117370065,0.0001340002
63998,0.9240274976,0.4682640968,0.0951971734
63999,0.2764076301,0.5746718235,0.0029745275
64005,0.0287667961,0.6725066896999999,0.027221805099999996
64006,0.0154405631,0.6557676943999999,0.0060173856
64007,0.0004416805,0.49618885170000004,0.0749016616
64008,0.2424452716,0.5869062301,0.0859517509
64009,0.1776066742,0.6085528693,0.6971533526000001
64364,0.1666216666,0.7502421286,3.91e-08
64365,0.1257923296,0.7149363665999999,4.3993e-06
64366,0.6315001185,0.8293997591,1.54568e-05
65755,0.026958031400000002,0.4974631574,3.454e-07
65756,0.1022505997,0.32979996079999996,2.4852600000000003e-05
66641,0.0194676617,0.6014804499,0.0118988106
66643,0.0789938899,0.3671369518,0.0016126107999999998
66644,0.0001373803,0.4930504716,7.109770000000001e-05
70426,0.8411665762,0.5525165199000001,5.46e-08
74575,0.2170543936,0.4585905035,0.0004139477
74689,0.35497972,0.3410921839,0.0035901698999999997
74690,0.0084227548,0.5613240405,9.615959999999999e-05
74691,0.0198695183,0.5364476267,1.4160399999999999e-05
74692,0.7123511106999999,0.4118559065,1.0981199999999999e-05
74693,0.016825955400000002,0.5547152384,0.0115485802
74694,0.7629718735,0.5672343292,0.3020770041
74695,0.8897396973,0.6452042336,0.0002614034
77572,0.5058385551,0.8422900904999999,0.0030016145000000003
85419,0.0021237532,0.5166609233,4.7366000000000005e-06
85420,0.141471443,0.39045559609999997,0.00019541580000000003
85421,0.0430856672,0.3340790291,0.1758340169
85422,0.1729164041,0.42599116270000004,1.8e-09
85423,0.2558509926,0.356961594,0.0094745769
85424,0.19709663649999998,0.4104460165,0.0008177275
85426,0.005351915,0.34468918909999996,3.8e-09
85428,0.09295876,0.3828003863,0.0013874548999999999
85950,0.3341533193,0.3465473617,0.2573402934
85951,0.021658992000000002,0.2417677776,0.0004381041
85952,0.011050946599999998,0.4270110425,2.09525e-05
85953,0.1096618395,0.5876768381,0.0692385424
85954,0.1378233056,0.3274530266,0.2904977847
85955,0.003848259,0.2389155687,0.0376620446
85956,0.0269662953,0.1366351173,0.19020860399999998
85957,0.19450410989999997,0.30790401,0.0001538059
87185,0.0050389683,0.5492478021,0.8620911151
87186,0.0637306376,0.42524414979999997,0.00010846540000000001
87187,0.7686479876000001,0.7243635776,0.0030040432
87188,0.047039556399999995,0.6214081425,0.7391900057999999
87189,0.7958466231999999,0.3333355838,6.84e-08
87190,0.0619298516,0.5631882637,0.7746996414
87191,0.9440932723000001,0.3038927086,0.763617965
87192,0.09650530980000001,0.5438952321,0.035706754199999996
87194,0.049488035199999995,0.3226948753,0.001101465
87322,0.5190150374,0.6615959917,2.1598e-06
87323,0.5426451543999999,0.7721723873999999,5.640999999999999e-07
87324,0.4895702002,0.6538986725,3.82886e-05
87325,0.7759925201000001,0.6642655111,3.3599999999999996e-08
104065,0.11879348869999999,0.4380783041,0.000422878
104066,0.0303254935,0.3771725997,0.0046670549
104068,0.8944780644,0.3732583739,0.833032165
108457,0.3650154928,0.8128102456999999,0.0086443749
108459,0.39901117700000005,0.40069744,0.38722395979999996
108460,0.1974980333,0.6949454881999999,0.0184546654
108461,0.4533511428,0.5660766517,0.7182634322
121590,0.0022306109,0.4693467836,1.24949e-05
121591,0.0003108889,0.4931846057,5.94e-08
121592,0.000367149,0.4999589355,4.8093e-06
121593,0.0069916901000000005,0.6036665512,0.00013976600000000002
4850,0.9956290648999999,0.37147590020000004,0.8188529966
4851,0.9952178736,0.2804828397,0.9444348148
10026,0.9952745906999999,0.43004425420000003,0.9358999102
10027,0.9954677507999999,0.2980256822,0.9247157248000001
10028,0.9957722903,0.3841956732,0.9396209664
10029,0.9957185656,0.4041487092,0.9483303451999999
10030,0.9948896965,0.3471905034,0.9572194973
10031,0.9940829389,0.24569323699999998,0.9421285973000001
10033,0.9751123206,0.2092780407,0.031949971699999996
10035,0.9547475920999999,0.1620857367,5.5081300000000004e-05
10038,0.9811764695999999,0.0840484094,0.9368666906
10044,0.8610898143000001,0.2869372437,2.04e-08
10956,0.9891629083,0.1069401867,0.9481587614
10957,0.9900454871,0.2249537072,0.9226270820999999
10958,0.9922824145999999,0.3270703996,0.8360411044
10959,0.9913450597,0.2447646286,0.9453596409
10960,0.9923144983,0.2161077526,0.9495167404000001
10961,0.98946271,0.1698348643,0.940900381
10962,0.9923792274,0.2009873699,0.9275294376000001
11322,0.9902421128,0.3565189426,0.9132417263
11323,0.9846442295000001,0.40803042289999997,0.9447476702
11324,0.9953152317,0.3917937402,0.9519702644
11325,0.9953406722,0.28443865949999997,0.9231256761
11326,0.9849160889,0.24641034190000002,0.7444990761
11327,0.9894799563,0.35175556420000004,0.9599480226
11328,0.9905756151999999,0.5468385993,0.9492627203
11329,0.9905783853,0.432172685,0.8964074457
11345,0.9948788342,0.0745592718,0.8331645237
11346,0.9944484512,0.11578982189999999,0.47314850399999997
11347,0.993927797,0.1355662934,0.0094441211
11348,0.9954381956,0.12569829300000002,0.931137225
11349,0.9949701484000001,0.2780933346,0.9373145662000001
11350,0.9949787897,0.35570379799999996,0.9377236371
11351,0.994332386,0.2612717277,0.9259619386
11352,0.9956839584,0.4502413517,0.8875177387000001
11353,0.9953676565,0.27032549570000003,0.9064126071999999
11354,0.9955110542,0.3568528234,0.9282983528000001
11374,0.9956428726000001,0.3389888407,0.9229223492
11375,0.9957593845,0.3324209045,0.9403465575
11376,0.9956416409000001,0.3786487232,0.9629068273
11377,0.9955477638,0.2449660657,0.9613731634
11378,0.9955029738,0.291281746,0.9400647828
11379,0.9954394129999999,0.4069055492,0.9510150643999999
11389,0.9957153572,0.3895942759,0.9298680439
11390,0.9953597745,0.3665791478,0.9498951115000001
11394,0.9957007289,0.3811848193,0.9327054440000001
11395,0.9954987542,0.3463702051,0.9197853677
11396,0.9956851332,0.39457218439999997,0.9495970494
11397,0.9957173353000001,0.4866412503,0.9152135396
11398,0.9956525248,0.3198414298,0.9439947320000001
11405,0.9956078773,0.4154438336,0.9561730392
11406,0.9952593159,0.4211597954,0.9567540578
11418,0.9955660373,0.4118587508,0.9656272396
11419,0.9955476515,0.449688831,0.9508455868000001
11420,0.9952731754999999,0.3299716048,0.9588467142
11423,0.9957037268000001,0.4216892993,0.9469248551
11425,0.9945130990000001,0.3435003984,0.9444086412
11427,0.995751658,0.2943894087,0.8771171311
11428,0.9955221811,0.4163106158,0.9459794961
11429,0.9957754179,0.39945722899999997,0.9320889762000001
11430,0.9957964501000001,0.42191166020000004,0.9362385764
11431,0.9957964501000001,0.4021162111,0.8827772166
11432,0.9956226043,0.398432214,0.9299391909
11433,0.9957236215,0.3645460423,0.899295828
11695,0.9956369866,0.3762887032,0.9207323051
11696,0.9957347066,0.36642364299999997,0.9330220406
11715,0.9944629088,0.1711164268,0.9519473477
11716,0.9953187027,0.37965007159999997,0.9486713375
11733,0.9156000318999999,0.2622766335,0.0462700801
11734,0.9845198640999999,0.2486447168,0.9495091414
11736,0.9730214423000001,0.23954990210000002,0.9293606456
11737,0.9736867662,0.3983931157,0.06887801360000001
11738,0.9748988587,0.3560345983,0.8575649341
11748,0.9812433864,0.5157367134,0.8897440329999999
11750,0.9665022323000001,0.3051871063,0.9133816379999999
11752,0.9955603923,0.3896250369,0.9198764973000001
11753,0.9943779606,0.314918441,0.9496609461
11754,0.9949706276000001,0.3480766824,0.937811547
11757,0.9956452290000001,0.276965715,0.9014298677
11758,0.9956761725,0.3109740723,0.9004950128
12922,0.9926063755,0.2312560796,8.09e-08
12923,0.9925296359,0.20277911140000002,3e-10
12924,0.9924223090000001,0.2862437632,1e-10
12925,0.9932510981999999,0.3218655311,1.9890000000000001e-07
12926,0.9950253134,0.3665848581,3.11e-08
12927,0.9930737794,0.1572049489,6.3e-08
14649,0.9956489338,0.3945988964,0.8834012894
15627,0.9955470665,0.37618608020000005,0.9232336248
15628,0.9955571587000001,0.3107341127,0.9006627304000001
15629,0.9955233866,0.4245391228,0.9302176579000001
15630,0.9956378926,0.32343478579999996,0.928143013
15879,0.9937435206999999,0.2364452769,0.8129399589
15913,0.9956876334999999,0.217057053,0.9258047176
16036,0.7735251297,0.1750463009,0.3085762868
16271,0.9840648082,0.3119034174,0.7065081792
16277,0.9948862394,0.09914587220000001,0.9277523791
16286,0.8757778071,0.1506293407,0.026929754500000003
16396,0.9328323297,0.22665734350000002,3e-10
16397,0.9914133075,0.39146078170000004,0.9408278206
16420,0.8878001595999999,0.2568450233,0.1146099782
16511,0.7472106713,0.0980222543,5.969e-07
16513,0.9938851420999999,0.4740785121,0.7376518026000001
16949,0.8689060426999999,0.1586274733,0.3794575447
16985,0.9946615659,0.2317461596,0.8404027126000001
16987,0.9225886973,0.314596443,0.8413268601
16989,0.9957105981000001,0.3314097355,0.9486950646
16992,0.9957193357999999,0.2374461829,0.9354688581999999
17584,0.8638437676999999,0.1225434109,0.65129669
17675,0.9947849298999999,0.2396894358,0.9484436437999999
17676,0.9929245333,0.2697953158,0.9369823328
17677,0.9952695184,0.1744126591,0.9486493957
17678,0.9951013279,0.23024645030000002,0.9240110304000001
17763,0.9942648368000001,0.2645700198,0.9302160769
17764,0.9935872925,0.26109740800000003,0.8659355297
17774,0.9943813981,0.2829549177,0.9368217486
17775,0.9933484241,0.2533352557,0.9370369166
17776,0.9921311859999999,0.326449095,0.7374606658
17780,0.9953695011,0.2559189263,0.95322313
17781,0.9942649386,0.35273484979999997,0.8635683501000001
17783,0.9935790664,0.2298808939,0.9378777415
17787,0.9930744269,0.3162745501,0.9187168687999999
17789,0.9950094062999999,0.2646272176,0.9560256594
17790,0.9942873784999999,0.1661095523,0.7324679101
17792,0.9952933772,0.3434183442,0.9164402343000001
17793,0.9937716397,0.2593453343,0.0920401099
17794,0.9949462284,0.2920725206,0.11057355640000001
19330,0.9957964501000001,0.431364245,0.9155193576999999
19331,0.9934417789,0.2589355802,0.9279250181
19332,0.9957614306,0.3596712275,0.9289041043999999
19333,0.9953218529000001,0.2730878967,0.8904695126000001
21527,0.9909007589,0.26487881539999997,0.933828115
21528,0.9932885876,0.3096865102,0.9649410184999999
21529,0.9930084386,0.6471798683,0.917449745
21530,0.9939187119,0.26285803550000003,0.9728700043
21532,0.9913108216,0.2557502157,0.8654801035999999
21533,0.8407911206,0.1086576445,0.0035805394
21542,0.9835804394,0.4069677633,0.4726466681
23141,0.9622712613,0.1865438079,0.534405306
23142,0.9659100395,0.1715782489,0.9243364515000001
23143,0.9946830839,0.4203967263,0.9062125576000001
23144,0.9845886978,0.1338853435,0.5695152309
23145,0.9945197033,0.5687273925,0.8994581814
23146,0.9617229256000001,0.3353766039,0.8580000728
23147,0.9825606441,0.4247782287,0.0992262589
23148,0.9907143712,0.5793897372,9.4137e-06
23149,0.9860654239,0.3515724604,0.9136727889
23150,0.9858554472,0.38487716780000003,0.9570480540999999
23151,0.9847704667,0.23933196559999997,0.9472419647
23152,0.9896835378,0.3063335147,0.9489916739
23160,0.9646719726,0.3088560523,0.956956879
23161,0.7556805920999999,0.2381378488,0.8626983214
23164,0.9225950933,0.5349492377,0.8280851372
24831,0.9933174053,0.4099753224,0.9594365539
24832,0.9952106615999999,0.3509706904,0.9454922062000001
25701,0.9945196076,0.3089731103,0.6789033306000001
25865,0.9953350434999999,0.3077573897,0.9350179679
25867,0.9908160951,0.286035423,0.9197571959999999
25922,0.9951123737,0.2203559216,0.0002243581
25928,0.9947407716,0.22627280030000002,0.0002016665
26469,0.9876184398000001,0.060029514299999996,0.9446407235
28097,0.9957964501000001,0.4376078354,0.8626285648
28098,0.9955742696,0.41915349259999996,0.9185025868000001
28099,0.9957964501000001,0.2925000696,0.8830200101000001
28100,0.9957964501000001,0.5429557308,0.9858804098999999
28101,0.9943430345000001,0.4893633361,0.9604615266
28102,0.9951255142000001,0.40435213090000005,0.9366326603
28103,0.9949781014,0.4511633674,0.9360942458
28104,0.942096997,0.2809615918,0.9299214859999999
28105,0.9957964501000001,0.32246119,0.9149316740000001
28107,0.9955126313,0.2853674081,0.8985011766
28108,0.9957964501000001,0.3675919935,0.8637652365999999
28110,0.9956348347,0.37478125869999995,0.9021503279
28111,0.9957964501000001,0.4196891245,0.9368407094
28112,0.9951611631999999,0.1791683982,0.870363254
28113,0.9954798481,0.35534962119999997,0.9206886876
28114,0.9953484825,0.3078806327,0.8856546959999999
28115,0.9954670339,0.4237443953,0.937575825
28116,0.9947995764,0.40174687649999996,0.9157309122
28117,0.9955032658,0.2583376753,0.9486715343000001
28118,0.9956392829999999,0.5293047215,0.8637912433
28119,0.9950362678,0.39808640799999995,0.9133407251000001
28120,0.9917853636,0.16911477079999998,0.9077023092000001
28121,0.9957159174,0.4630123228,0.9245103991
28122,0.9949017926,0.49120349659999996,0.9517404581000001
28549,0.9918242569,0.21771528010000002,0.4865943059
30131,0.9930785535,0.374795982,0.3836313808
31233,0.995645799,0.44539639090000005,0.885455742
31234,0.9955811529999999,0.3980747387,0.8752373041
31235,0.995695648,0.390181922,0.9165589562
31236,0.9956372437000001,0.5200726485,0.8868180837999999
31238,0.9948469237,0.2067034602,0.9154348670999999
31239,0.9955457363,0.3406520563,0.8372348556999999
31240,0.9956712756999999,0.37226560159999994,0.9537314134999999
31241,0.9951742154000001,0.339552465,0.8594971189
31242,0.9948770451000001,0.29776729399999996,0.9460414555
31243,0.9956345073,0.3288723504,0.9442400315
31244,0.9952815319,0.38564011119999997,0.9340216431
31245,0.9957614306,0.5263378096,0.8883287632
31246,0.9957486871,0.3937483765,0.8738849503
31247,0.9957433575,0.3546740911,0.9329371597
31248,0.9944060486,0.376711959,0.9357846817000001
31249,0.9953105685,0.43837956240000003,0.8827220372
31250,0.9956604526999999,0.23740028300000002,0.9467532451999999
31819,0.8775202791,0.40744613329999996,0.3804573641
37976,0.9944047951999999,0.4267162204,0.8965554526
37977,0.9915879164,0.2777312551,0.9366332772
37978,0.9888800389,0.2409735656,0.725957992
37979,0.9903925320999999,0.31126765030000003,0.8730319363
37980,0.992501717,0.2714995362,0.8839845097
41569,0.9935078548999999,0.6966660466,0.9584671512999999
46274,0.9928223848000001,0.2291102059,0.8452344533
46610,0.9821815306,0.40766283130000003,0.9238946326999999
46637,0.9450425519,0.2982514361,0.8980203066
46638,0.9931608327,0.2689859963,0.013725561200000002
46639,0.9947282145999999,0.2378672911,0.9150999377
46641,0.9889250166,0.1826671642,0.7863872524
46642,0.7692925737,0.2177208245,0.7037775665
46643,0.9942626337999999,0.2087860414,0.9250177461
46644,0.9918861384000001,0.1321436993,0.7750125504
46645,0.9944114899,0.3330436434,0.8355996437000001
46646,0.9935457465,0.2002372307,0.8407940852
46647,0.9941303949,0.163284859,0.9328253433
46649,0.9934092783,0.1292166042,0.9165940574
46650,0.9949289375,0.1126003733,5.463000000000001e-07
46651,0.9923227806,0.2699833276,0.9266467074
46652,0.9893360808,0.1739146818,0.9500207745
46697,0.9945999764,0.20639600239999997,0.9243970873999999
46698,0.9947177155,0.3046256881,0.8896441237999999
46704,0.9745919029000001,0.2816196199,2.397e-07
47770,0.994522645,0.3180000994,0.9617513542
48388,0.981340564,0.36094025729999996,0.00034936589999999995
48389,0.9714031008,0.2015310703,3.12e-08
48390,0.9712049677,0.252812384,0.0
48391,0.9930372540000001,0.32881107670000004,0.0648060471
48392,0.9853776187000001,0.35391056810000004,0.9330387478
48393,0.9899154041,0.16707888,0.10548126050000001
48394,0.9867187847,0.439515869,0.9980162209000001
48395,0.9823753359,0.1457861958,0.0991150091
48396,0.994417386,0.3868030042,0.8320781166
48397,0.9950054443,0.3190300188,0.0011508149
48398,0.9854387564,0.2210728612,8.648870000000001e-05
48399,0.9704059002,0.2941084801,1.52e-08
48400,0.9907563049,0.36282460759999996,0.050404772
48402,0.9847109722,0.2481262562,2e-09
48403,0.986157175,0.2002959754,0.00014565729999999999
48404,0.9923736751000001,0.19686229489999998,0.2696594356
48405,0.9507856959000001,0.21545871170000003,0.0
48406,0.9943195934000001,0.2549919235,0.3213509141
48407,0.9514562003,0.20284282829999997,6.6e-09
48408,0.9581528898,0.4055944649,0.0156952991
48409,0.9523748490999999,0.2983463705,0.067443037
48410,0.9797775393000001,0.3183825165,0.6154372376
65782,0.9929995212999999,0.3649463047,0.8975681641
65783,0.9900628398000001,0.204575425,0.8957496804999999
65784,0.9921399853,0.1677970339,0.9225969979
65785,0.9943483554000001,0.1605794916,0.892118557
65787,0.9927604286,0.40355891520000003,0.9251953054000001
65788,0.9931561070999999,0.1856171819,0.9321858865
65790,0.9933727343000001,0.5302117146,0.9605250329999999
65791,0.9919253093000001,0.3608911182,0.9153359619
65792,0.9937203283,0.1596716907,0.8862906787999999
65793,0.9931981189,0.5512811597,0.9648234095
65794,0.9909219898999999,0.3505576955,0.9104946579000001
65795,0.9933374553000001,0.27429909739999997,0.8602313993
65796,0.990833601,0.22864475260000003,0.9464184189
144,0.9090114288,0.4436425913,0.9240916995999999
145,0.2355061866,0.43867169240000004,0.7161218401
146,0.5320194932,0.4176809211,0.4025004064
147,0.7784099162,0.7066810633,0.8067025984999999
237,0.9683181687000001,0.3062691187,0.9562061822
238,0.9761979688,0.245786029,0.9614360163
1020,0.9942068316,0.2285010173,0.712831367
1021,0.5484211847,0.1737735004,0.7816289759
1022,0.8638868881,0.4412541758,0.9230564495
1023,0.9617069488,0.1617742644,0.9404141140000001
1058,0.6536072376,0.3835619072,0.8390305452
1059,0.7046913672,0.4093919775,0.8656251172
1060,0.6868038914,0.3073197862,0.925469497
1061,0.7644808124,0.18387767359999999,0.9597784881
1062,0.0582429729,0.3903179263,0.8833853072
1063,0.476578254,0.2039286814,0.8017971827
1064,0.6070855624,0.1478356274,0.9509482401
4018,0.9805142193,0.340662934,0.9487616462
4151,0.9645309709000001,0.6124929496,0.8811689323
4154,0.9906644979000001,0.445168196,1.59051e-05
4703,0.8297026066,0.3567803758,0.9131821022
4704,0.959086318,0.3234252077,0.8125300292000001
4705,0.939394893,0.37600916689999997,0.7771701443000001
4706,0.9609992959999999,0.4907682208,0.9458979156
5106,0.8922979524,0.4105922657,0.9046269634999999
5107,0.8858519870999999,0.3579362155,0.9121397913
5119,0.8023091966,0.4034785612,0.9203483554999999
5120,0.9548463429,0.49607603079999996,0.9081383325
6963,0.5748357736,0.334749492,0.6618638479
6964,0.8338214006999999,0.5505447498,0.8863063387000001
6965,0.8441903324,0.1689392855,0.8671277959999999
6966,0.9679984976,0.5468134139999999,0.0030214215999999996
6967,0.8907665773000001,0.27961434,0.8847124833
6968,0.9849125483,0.4332227185,0.6104778307000001
8580,0.8158168714,0.672540575,0.9008705411
8581,0.8730701819,0.4829852228,0.6323541739
8582,0.7328213434,0.3804196896,0.48761996350000003
8584,0.9381471534999999,0.5083232428,0.7815244259999999
10975,0.9948222788,0.25118353379999997,0.9319391634
11207,0.1542848326,0.7663076854,0.9110126246
11319,0.9936625420999999,0.3135703546,0.0070844938
11320,0.9892024036,0.3479771567,0.8759002075
11321,0.9294367834,0.3333762612,0.0094032266
12022,0.9935664537000001,0.2480302904,0.9237159886
12374,0.194059431,0.6070113954,0.9302506461
12602,0.7965704687,0.4051184117,0.7752004102
13597,0.35746440840000004,0.3423911557,0.7458795732
13646,0.7877885582999999,0.7314311813,0.5990486270000001
14053,0.9862079511,0.6554190748,0.8806956193000001
14054,0.7821583287999999,0.7376231773,0.8110008795
14055,0.9847537645000001,0.5262851914,0.5504224611
14056,0.995227355,0.6795775716,0.9243691953000001
14057,0.9793414159999999,0.3172880421,0.6468864974
14058,0.9882234898000001,0.18961178469999998,0.9079084387
14059,0.9957964501000001,0.19422024559999998,0.9702517125
14060,0.9922439601,0.2648005172,0.9609940668000001
14061,0.9685792012000001,0.3149482963,0.8522366520999999
14062,0.5286217492,0.564980861,0.0496154256
15139,0.8595192334,0.2554149455,0.9106039484999999
15140,0.9223462042,0.28014570510000003,0.8740592939
15141,0.825094812,0.1804433261,0.9042686497
15763,0.9942807165,0.2012170239,0.9085133156
16232,0.7915967279999999,0.4558260556,0.5284271535
16234,0.7606552906999999,0.38029874119999996,0.795584737
16235,0.7156407659999999,0.1501052028,0.9076487087
16236,0.9675441345999999,0.39030705579999997,0.929495291
16237,0.9921185245999999,0.2436843413,0.7889109231999999
16238,0.9109192886,0.38016689189999997,0.8183600975
16982,0.9946927042,0.7955985201000001,0.9370498105
16983,0.9805562363,0.5042450219,0.9228425786
17439,0.6605740966,0.5179515492,0.8228533009000001
17440,0.88322433,0.5075777877000001,0.9187808812999999
17441,0.9336510765,0.6471002991,0.8833101951000001
17442,0.40703271659999996,0.3331509944,0.9348376972
18236,0.9255036576000001,0.5211966295,0.9142040442
18238,0.9817119668000001,0.2835092932,0.9256012534
18240,0.9366703724,0.5001435132000001,0.9405829384000001
18241,0.9564003543,0.5240643999,0.9234371882
18242,0.8909913652,0.24710172789999998,0.8317371838
18243,0.9043003937,0.4564953451,0.8919301022
18817,0.9403743812,0.3545356109,0.903447777
18969,0.9908767284000001,0.4738781574,0.9146316523
18970,0.9542630119,0.5440001305,0.9230978902
18971,0.9738656844,0.30575738809999997,0.8982557724
18972,0.9798024003,0.2387412104,0.9559329637999999
18973,0.9555071353,0.5428789365,0.9191574978
18974,0.8441871892,0.3830649812,0.9564581826999999
18975,0.9455960546,0.169978491,0.9078408696
18976,0.9568119926,0.4609061215,0.9649150499
20449,0.8965513593000001,0.40019311,0.9113621417000001
20450,0.9835062182,0.27280872850000004,0.9441581672
20451,0.9339351747,0.3106581611,0.9449503432999999
20452,0.9827247843000001,0.298785819,0.9244185636
20462,0.9716722242,0.3014673714,0.8811442912999999
20463,0.9854116976,0.29976625760000003,0.9563182905
20464,0.9582403931,0.2785979066,0.9674454788
20465,0.9899181574,0.31072485,0.8270861931999999
22332,0.0029970471,0.6917853785,0.9012045882999999
23070,0.19569861600000002,0.1186318195,0.9474580802
23071,0.6274323714,0.5217672164,0.859178392
23072,0.7916410581000001,0.5936055379,0.8556322945999999
23073,0.2217492645,0.2648879777,0.8616737273999999
23074,0.1315784741,0.3279849238,0.9188620162000001
23075,0.5202292352000001,0.41533766200000005,0.6406506692
23076,0.6727635778,0.3210487297,0.9090320734
23077,0.9293145376,0.3204960544,0.9057104732
23078,0.5608558026,0.2691213054,0.8844207681
23079,0.8676994266,0.1608051663,0.956277327
23080,0.7278975496,0.19591383140000002,0.8999275094
23082,0.3421408797,0.3146277113,0.2854037456
23188,0.9905809963,0.2475792107,0.9189496884
24638,0.792378459,0.21195363550000001,0.8257630981
26529,0.7954117422,0.3551283282,0.4555689744
26530,0.8488850847,0.5100164836,0.9166755031
26531,0.9811852458,0.4629341326,0.1379511204
26532,0.9886418987000001,0.42182507909999994,0.8962964805
26533,0.9920524654,0.44990449950000005,0.9269671290000001
26534,0.9885131620000001,0.2994129307,0.4726313673
27272,1.09801e-05,0.1336619506,1.84957e-05
27273,0.375845308,0.39394465170000004,0.9380889585
27274,0.6123645825,0.270960838,0.90709077
27276,0.9811021693,0.2353891832,0.9432267326999999
27277,0.9936071383,0.5385215289999999,0.9468734578
27278,0.9940876670000001,0.3986904641,0.13777801
27279,0.9606713043,0.3921965578,0.960598292
27280,0.8483034265,0.1715225186,0.896666381
27281,0.8931186386,0.2248046236,0.8178329972
27282,0.9055041156,0.37122008380000004,0.3051802408
27283,0.9273739854,0.2614647624,0.1482967996
27284,0.6552121967,0.5081192309,0.8830540145
27286,0.6127187509,0.1750995715,0.8905257248999999
27287,0.4560533117,0.18795805219999998,0.9056428925
27288,0.6096746942,0.1543947869,0.9185489498999999
27289,0.9051015602,0.12506022949999998,0.9612650990999999
27290,0.5414883315,0.32043406010000003,0.4364747826
27291,0.8523659070999999,0.1677827256,0.8835023997
27292,0.6741686198000001,0.20999749760000003,0.8321512981999999
27293,0.9902472787000001,0.1148311111,0.9598949868000001
27294,0.0018205941,0.15424061779999998,0.95822702
27950,0.9891862884999999,0.3012886609,0.9608186433
28002,0.9828126865000001,0.3408235463,0.18007737129999998
28085,0.6360828797,0.37978051240000005,0.5976289356000001
28086,0.6372947456,0.4614131291,0.9386309479
28087,0.8264550131999999,0.4153701568,0.7893514612
28088,0.9010986658,0.5203017441,0.07710702559999999
28089,0.9012782134,0.4179276402,0.9039324548000001
28330,0.9881088943999999,0.2503482883,0.6854733147
28331,0.972522508,0.1081722957,0.9463666047
28594,0.2805326239,0.1559726617,0.0869695885
28595,0.0035379138,0.2001044115,0.6514875658
28596,0.0227797939,0.43534405789999997,0.8805720434000001
28597,0.1223732589,0.1830801393,0.8538186188
28598,0.0023442873999999997,0.4498633945,0.6312834750999999
28600,0.046339308600000004,0.3269162884,0.12228630970000001
28601,0.26032681469999996,0.38329359520000006,0.7965610133
28602,0.0518616979,0.2578962507,0.1238930843
28606,0.002579095,0.09386229199999999,0.8833076804000001
28607,0.68872629,0.19876344629999998,0.7917770834000001
31052,0.9537566068000001,0.338807879,0.0134484641
31053,0.9759938678,0.3056969968,0.0867225207
32888,0.9020914783,0.3568063402,0.9421684938
32889,0.979521467,0.3684926921,0.819532998
32890,0.9349485798999999,0.5893315581,0.6630685397999999
32891,0.8490787711,0.3357486882,0.3236617942
32892,0.9134281811,0.41559598979999995,0.8915649512
32893,0.9874308124,0.48601211780000003,0.8517392764
32894,0.9063600989,0.3569144367,0.7277112597
32895,0.9578445470999999,0.4842492863,0.5623922034000001
32896,0.9533683537000001,0.44162149869999995,0.8837863592
33651,0.9046791062999999,0.3903020526,0.0145946804
35451,0.9866418613,0.45501932289999997,0.9701971666
35452,0.9872177009,0.3202682638,0.8910055869
35453,0.9921787704,0.1395911963,0.9036418090999999
35454,0.9709431044,0.5571912184000001,0.9291843401000001
35455,0.9956839584,0.6062368407000001,0.9634912801000001
35456,0.8925974847,0.6717225628,0.9075934848999999
35457,0.99271458,0.34880521770000006,0.9189608504000001
35458,0.9896902086,0.278839032,0.9683051894
35459,0.9141843158,0.6165508165,0.9318638413
35460,0.9828583644,0.3829533659,0.9343729251
35461,0.9589634564,0.38402718979999995,0.9095394037000001
39552,0.9951314188,0.4218796663,0.89884574
39553,0.9957394573,0.5266798484,0.9083684129999999
39554,0.9954462702,0.5165614993,0.9010175755
39555,0.9955727746999999,0.4074890718,0.8970690928
39556,0.9940894283,0.6411059103,0.9055927854000001
39557,0.9949062068000001,0.3488947869,0.943728687
39558,0.9957230194,0.4238074943,0.9335940086
41566,0.9951259311,0.24854263420000003,0.9680341648
46756,0.9945226813,0.5856932053,0.9405757237000001
47035,0.8193741694,0.3600885886,0.875103271
47036,0.054611821100000006,0.4386739843,0.8011379868
47037,0.9918933040000001,0.3442052176,0.8815711545
47039,0.8581064996,0.22621428940000002,0.8371911617
47667,0.9710883974,0.3950786243,0.0002364076
47709,0.9544439985,0.18130465629999998,0.0080021695
47710,0.9289984574,0.2797089397,0.5331841727000001
47711,0.4123448168,0.2978986751,0.0019550246
47712,0.9365687911,0.3343047807,0.9161493311
47745,0.8655816690000001,0.5189370211,0.8731837018999999
47746,0.7316470684999999,0.26348397879999996,0.8849833916
47755,0.8715663155,0.6547856153,0.9164407176999999
47774,0.8004927456,0.48942022539999996,0.8754773055
47944,0.46173502899999996,0.29155861980000003,0.8804242385
50291,0.5719977007,0.4227930115,0.8727391901999999
50367,0.9067276961,0.3464849967,0.9047459374
50368,0.878490743,0.0745503833,0.8994143561
50369,0.9295845914,0.16401928970000001,0.8569072190000001
50370,0.9815794802,0.2831843313,0.6922479436
50371,0.9796391145000001,0.3128881468,0.9156596953
51320,0.5330357553,0.5178739065,0.8944363814
51321,0.6362914922,0.4846987374,0.8452272734999999
51322,0.7974760699,0.4249370172,0.5792817852000001
51932,0.06156081099999999,0.4247542847,0.5478516187
51933,0.2041841221,0.44769050979999997,0.23780301329999998
51934,0.0383601752,0.4446267612,0.4959352722
51935,0.2592026537,0.4884974504,0.7592490989
62852,0.17011890440000002,0.4441338127,0.6207324047
62853,0.8996860419,0.5160523012,0.1269131894
62928,0.1764201095,0.40878986170000003,0.0048732418
64361,0.7499926735,0.8059531094,0.0130292303
64362,0.7502881245999999,0.8223800399,0.0040822484
64363,0.7366666426999999,0.835242796,0.0011100059
68341,0.936545785,0.3950094433,0.7721752832
68342,0.9570451773,0.5429709482,0.8144282720999999
68344,0.9613977943,0.37956501460000003,0.8453130004
71373,0.3612673525,0.5932233574,0.6790822703
71376,0.9789792496999999,0.4581984415,0.9241138723000001
72381,0.9540630433,0.4288536214,0.9244485518000001
72382,0.9368548651,0.482324154,0.8569894137999999
72383,0.9524969093000001,0.44533801479999996,0.8956746958
72384,0.9709089,0.41876736700000006,0.9169937424
72385,0.9060973097,0.47729145590000005,0.8553025721999999
72386,0.9031178619,0.5647414179,0.8592072302
72387,0.9346545328,0.3178379709,0.8958174512999999
72389,0.9109546761,0.4251735775,0.8977169304000001
82504,0.2142299116,0.7089637223,0.8485413505
83813,0.6865080439,0.31332526829999996,0.060869312800000006
86121,0.9180010191,0.5308379907,0.9199407234999999
86122,0.9911662115000001,0.4716379906,0.8673167807
86127,0.849873777,0.3639735133,2.2694699999999998e-05
853,0.9957009004999999,0.2129394543,0.9709433459000001
1082,0.9957686039,0.4592608447,0.9157699025
1680,0.9874454051999999,0.45051832270000003,0.9378934831
1681,0.9287891587,0.488449635,0.0082155118
1682,0.9915719257,0.622491399,0.3500093053
1683,0.9698391002,0.3994860146,0.0007516957000000001
1684,0.9789810623,0.4810810355,0.18732554440000002
1685,0.9875469651000001,0.5308485465999999,0.1625576832
1686,0.8001763834000001,0.5141711453,0.8524636294
1687,0.8903125794,0.4281974864,0.0050953247999999994
1688,0.9832152096,0.4160671687,0.4417260447
1689,0.9691608115000001,0.47971463229999994,0.8905312381999999
3586,0.9821784652,0.6054307722,0.4774124989
3587,0.9568456176000001,0.6021549527000001,0.2587614086
3588,0.9819378961,0.4480802365,0.160474751
3589,0.8853892356,0.3162329142,0.8305056852
3590,0.9661767298999999,0.41932521939999995,0.8129151665000001
4517,0.9629825176000001,0.52674597,0.0008597314999999999
6330,0.9938933035999999,0.5942505460999999,0.9197030787999999
6331,0.9948513995,0.3889528446,0.9580372004000001
6332,0.9869959201,0.3733408447,0.901695045
6342,0.9840642961,0.5643297129,0.8494795373999999
6354,0.9805898525,0.439750245,0.8523111587000001
6355,0.977555121,0.48775228600000003,0.9284760368000001
6357,0.9936295726000001,0.487650683,0.9427763954999999
6358,0.9950494692,0.3805175656,0.9442747140000001
6360,0.9743251748999999,0.46172759280000003,0.9026426143
6363,0.8630878352,0.5217884493,0.38186556520000003
6366,0.9773855229,0.5277763800999999,0.6832404366
6367,0.9891662565,0.47980449950000004,0.8984824406999999
6368,0.9942388678,0.5191864976,0.9374701768000001
6369,0.9608314544,0.5226686361,0.9402352259000001
6370,0.9944438978,0.45124850899999996,0.9293315115999999
6372,0.9497550213,0.5340176865999999,0.9027548851
6373,0.9760004845999999,0.4559347283,0.7552115712
6374,0.9028345787000001,0.3221244767,0.9457382173000001
6376,0.9891424052,0.6635231053,0.9306875287
6379,0.9919347458,0.3560591433,0.7970852064
6380,0.6743527756000001,0.4260996487,0.9403969667000001
6381,0.9944728510999999,0.2834983186,0.9564483343000001
6383,0.9893781789,0.5798767977,0.9316092106999999
6385,0.7583583075,0.5053471693,0.7826870026999999
6387,0.9923061609999999,0.3130498882,0.933500393
6389,0.9424325424,0.5607709945,0.009075693499999999
6390,0.9933976929999999,0.3828426433,0.9296315045999999
6392,0.9410810621,0.284092603,0.41398911450000003
6393,0.950920247,0.5083155227,0.7951036954999999
6459,0.9897427415000001,0.473918027,0.301111358
6469,0.9870761815000001,0.43849413789999997,0.8645399040999999
6802,0.9767477915,0.6270073832,0.025143858300000002
6803,0.6946463012999999,0.39736276119999997,0.8829103023999999
9512,0.9008281242,0.3033630492,0.934591644
12109,0.9455631639000001,0.6468738985,0.22224732760000002
16334,0.7929707122,0.2786340502,0.894284392
17631,0.9411403109,0.44363598460000003,0.1401465136
17632,0.7527029701000001,0.4045518389,0.0335023731
17633,0.7633295783,0.6071116098,0.9238582642000001
17634,0.9701292823000001,0.4122222637,0.17560762489999998
17635,0.8334470466,0.5041186421,0.7543817719
17636,0.8618158582,0.5468820269,0.1446681923
17637,0.9639464320000001,0.46590314130000005,0.13542983220000002
19673,0.9278848597,0.4013209567,0.8406469925
19674,0.9341479095999999,0.7803871476,0.9070046411
23155,0.979757915,0.33679500840000004,0.9173830276
23156,0.9797665338,0.5865970671,0.9367922904000001
25214,0.3225057368,0.2152334402,0.9778110943
25215,0.5660070278,0.42551133869999996,0.9778727623000001
25216,0.2957260803,0.4098346662,0.9814803828
25217,0.7833633193,0.3044497117,0.9728144170999999
25218,0.7274335274,0.2285505577,0.7590788895
25219,0.45718644,0.3405206939,0.9804281247
27609,0.5166961491,0.8340102855,0.0180372215
27610,0.9777622178,0.4329136951,0.0312090067
27611,0.5631192298,0.7719091737999999,1.5450899999999998e-05
27612,0.7127394462000001,0.9171434582,6.94146e-05
27613,0.608753762,0.7536344769,0.2871691592
33067,0.5888486272,0.6656295662,0.5867238427
33068,0.6265692259000001,0.45471113539999997,0.397409781
33069,0.6177504907,0.5336670984,0.0183318446
33070,0.694023442,0.6595298031,0.9173503495
33071,0.8597434531,0.7926563417,0.7353268298000001
33072,0.7195757239,0.5509536079999999,0.658540108
38775,0.9770809690000001,0.46545637630000003,0.9168585062000001
38776,0.981647547,0.26263120079999996,0.8630594892
38777,0.9767218904,0.4210468345,0.0860059867
38778,0.9863211583,0.5045755235,0.9179369955
38779,0.9614913531999999,0.5416553714,0.8439985717
38780,0.9415429356,0.24098455559999998,0.8774481892
38781,0.961226988,0.6994170302,0.8832981254000001
38782,0.9922240292,0.2626187568,0.8288326640000001
38783,0.9606337139,0.50823447,0.9046485187000001
38784,0.9866402154999999,0.4462414058,0.891998495
38785,0.9687453762,0.2561793686,0.5002059537
39357,0.0422032463,0.6424162932999999,0.8756476924
42232,0.9677171287,0.6690397259,8.17e-08
42233,0.978209737,0.6934789668000001,3.4640000000000003e-07
42234,0.9842554941,0.6735699511,0.9485504533
42235,0.9825448405,0.5619674745000001,3.17905e-05
42236,0.9903579343000001,0.5109968224,0.94282797
42237,0.9779866345999999,0.5662704235,0.00022953330000000002
42238,0.9926888465000001,0.6148882335,0.9611255518
42239,0.9735932412999999,0.6263777832999999,5.9672399999999995e-05
42240,0.9858623828,0.6448216385,0.9309926839
42241,0.9714576694,0.47873529369999995,0.9406943243000001
42242,0.9804391804000001,0.5584114416,0.0002157792
42243,0.9931598886,0.4883654107,0.9002560253
42245,0.9887354194,0.4865190111,0.9344993854000001
42246,0.983106507,0.5853832103,1.6834999999999998e-06
42247,0.9895070522,0.4289146407,0.8978175786
43241,0.6373451071,0.45968029549999995,0.7092547242
44820,0.7677074079,0.5447397614,0.9510301906
44821,0.9002547843,0.572813647,0.9613278878
44822,0.9228928034999999,0.513690758,0.9579736168999999
44823,0.7873067257999999,0.6147415036,0.8767320489
48488,0.9857356362999999,0.4197905748,0.721435
48489,0.9516662284,0.4651182253,0.9306208418999999
48491,0.8985051994,0.46081125100000003,0.9523697895000001
48492,0.9667428348,0.4524480458,0.9445373032
48493,0.9923140929,0.43649580270000005,0.9648268879
48494,0.9933104295999999,0.36537046840000004,0.6842665094
59667,0.9949633328,0.24102430960000001,0.0413736731
98648,0.6797020505,0.6277453936999999,0.8213479379999999
98649,0.3700222656,0.4863568504,0.7773530096
98651,0.778207694,0.5394533986,0.8796071527
98669,0.11397503279999999,0.35811249079999996,0.8700183704000001
114879,0.9940618128,0.13831198960000002,0.000132213
114880,0.9861039564,0.3128206782,0.8877022433
114883,0.9945914763,0.1605124634,0.0469967987
117666,0.1053182949,0.8097143392,0.0014644451999999998
117667,0.0312800086,0.7814170464,1.787e-07
117668,0.0307700475,0.42446204390000003,0.5640258933
117669,0.0054634774,0.7229401024,0.096015911
117670,0.0519727122,0.7475666005,0.0357650655
