track_id,variation,average,energy,liveness,tempo,speechiness
694,88751.90247396572,71.10879997339389,0.842615945,0.0666304994,98.315,0.5634644339
695,59877.91428528269,59.6457000382262,0.8108574058,0.3621457004,166.2,0.1060185314
4682,148494.41205489394,74.06995445027641,0.7701436785,0.36171829340000006,173.992,0.1104803627
4685,115250.94154545154,57.681970799747596,0.6052403353,0.2199077279,164.045,0.053686037699999994
5268,332238.20528308454,119.88426194437726,0.4204394402,0.074111346,150.048,0.4154415372
10693,1097713.9705511653,194.81250299943625,0.36279176679999997,0.0893380299,166.007,0.3093130508
10694,1183305.0165162664,185.38808085416812,0.1299341829,0.11089304369999999,91.99,0.1627906351
10697,1410974.7119928515,203.74623852700086,0.3570233789,0.11020249019999999,93.966,0.5234949757999999
10698,703451.4937669937,132.80151361498517,0.5372199814999999,0.0862128316,100.03,0.0558493713
11204,625135.1184890146,114.50799419609825,0.4547694868,0.0872405722,96.154,0.2947728199
11263,867197.8363664921,155.07696951805764,0.2850683052,0.10483982539999999,84.999,0.1504600884
11298,669299.608869309,125.51490808860916,0.7773638002,0.0847642667,112.99,0.17595614920000002
11763,848827.6181254503,144.22709578981093,0.44911867850000003,0.16152855119999998,93.054,0.0744406336
11766,723993.6938530662,132.73580900715763,0.4252675721,0.41136406020000005,164.707,0.1254787383
11771,785939.2353100316,139.06667516124935,0.4311836902,0.1840159107,87.935,0.0415898413
11773,938416.9785206122,161.21820375231312,0.35605080009999995,0.1057774457,93.922,0.29995883079999996
11775,887117.503089972,143.6337607552393,0.8769741308,0.3393097401,82.72,0.3892856732
11777,674718.7109977144,103.68882425473711,0.5776031489,0.1735612949,83.993,0.0288354343
11778,688615.6140626315,118.94429763560962,0.5245465127000001,0.0832976605,85.045,0.0383129724
11782,1243974.3787237857,185.00004441310742,0.2045154773,0.1289434792,208.018,0.9578685218
11786,880494.0927740901,153.11424774710957,0.506418114,0.8432347605,120.826,0.0507797684
11793,827072.1196159854,150.51501028694187,0.9038414828,0.0748779446,156.032,0.5335959675
11803,683806.8788091872,118.32786660623407,0.530494416,0.0989415158,88.821,0.26382401710000003
11918,680578.1378836938,109.52764608963842,0.6996942787,0.10738371779999999,129.98,0.0907042134
12174,758898.6190856805,117.93484153580478,0.7723674086,0.6915596041,100.011,0.043330845199999996
12526,726516.562970892,104.26713660666505,0.5826638015,0.1061241673,105.977,0.0360763307
12531,755214.972963146,119.20030135009432,0.46582542689999995,0.0907444382,182.032,0.4618330546
13201,897295.6319258341,142.56269945222007,0.37976548740000005,0.0879976241,196.093,0.12414282730000001
13747,888011.2429323972,124.03482914196202,0.8521456467,0.3279680821,60.678,0.7256666951
13768,881570.030601765,122.29624961907206,0.4453594025,0.1283768018,93.194,0.1442882398
14363,1056325.4181094111,144.07479834202752,0.7364503193999999,0.0882254824,116.978,0.060337091100000004
14386,988934.7489437521,136.66764832144497,0.5139434067,0.1680788635,179.268,0.3487382768
16879,1346230.4899855424,144.4852940204275,0.7466936626,0.09541033199999999,162.339,0.05892112
17496,1554175.127703465,164.44308523224805,0.181637945,0.1055171713,103.895,0.0499846876
17782,1450907.2521954384,141.4238004194419,0.6983211793,0.0953450358,157.028,0.3449464557
19726,1883851.8044238244,177.28390642372494,0.7592450612,0.6328582082,122.793,0.2143906898
19729,1838828.0632826905,167.25208429380874,0.7239397927,0.044101735999999996,138.241,0.2786198989
21228,1998837.693096444,142.89493680853366,0.6952660328,0.1049977077,95.066,0.037148804
22094,2177977.4404260577,151.8663016914616,0.5658366349,0.1131579875,163.444,0.3800025157
22295,2486965.3420256604,207.35303678537338,0.102894703,0.08530899380000001,95.104,0.0951814651
22296,2453158.5569251985,209.81057908820563,0.551867574,0.10069519960000001,88.087,0.6572092040999999
24419,2689079.8887190525,164.0244054244891,0.6033697700999999,0.1271825468,65.858,0.0717545342
24421,2618300.169793336,143.6662600910533,0.4571538428,0.1228692943,110.878,0.035158165400000004
24422,2706622.6203725277,167.97716723308778,0.3341643947,0.1163906973,83.035,0.039379645899999996
24423,2654267.4209862524,158.34398968778993,0.6245702069,0.1348475107,89.624,0.047154151
24424,2613917.96560991,138.8029544428786,0.8541304628,0.11111844050000001,160.115,0.045466609299999995
24425,2901005.564255679,210.39098682269568,0.3089711341,0.1114865065,90.06,0.1607906339
24426,2621343.925269437,141.48110766629654,0.7588727984999999,0.1099998148,67.22,0.0711820496
24427,2618220.160807146,135.86714977250222,0.5107370547,0.11444154210000002,146.001,0.1023151415
24428,2649030.070769345,157.47605016568863,0.6384819572,0.0861955526,90.039,0.2327801852
24429,2642617.4319521445,161.244499960876,0.8999456678,0.11653648289999999,96.025,0.0415033884
24430,2664261.852180505,163.00304534787202,0.6587016915999999,0.1297501406,147.965,0.1779058404
24431,2752596.233075897,183.15840940606773,0.3666858468,0.1105535923,153.951,0.050001740999999995
24432,2701655.3838407705,180.19643228352143,0.3346681053,0.1220357993,71.016,0.06357474169999999
26007,3280984.7446919144,227.8536909747018,0.2615502592,0.1081384216,99.13,0.058223853
29602,4219506.933408862,255.8803684821637,0.6614667348,0.3013066715,106.425,0.847640266
33703,5001148.46745461,203.16387776583937,0.8086641357,0.09037202400000001,185.826,0.15056363820000002
36302,6064982.450991015,261.7936029064153,0.2325815401,0.1111587719,100.087,0.3173190925
36983,6067110.674714564,224.36930197967905,0.6494560886999999,0.1068351921,106.777,0.2805612795
36984,6135609.411342759,248.56570780581876,0.4052312864,0.1115693094,160.148,0.1296531241
36985,6083479.491510304,229.03391767170743,0.335540937,0.11163813939999999,78.011,0.0539758052
36986,6014020.032319863,214.03122917146905,0.4894532055,0.1061853081,150.017,0.038207945699999996
36987,6104094.0255963495,240.82417375505725,0.1141570309,0.11384139509999999,167.913,0.0380079772
36988,6057629.520091757,214.44388737409568,0.42651975,0.07956752660000001,88.023,0.0304418752
36989,6034418.2786934,217.58157168908565,0.5316855723,0.1410412888,93.123,0.0284560352
36990,5991492.032048103,192.77871053394895,0.47090649869999995,0.1138002682,192.538,0.0710493586
36991,6146738.65368728,242.3550843282245,0.24947932609999998,0.1097666793,160.221,0.0707648425
36992,6717943.908375643,314.554596439245,0.9056756441,0.1118734507,160.305,0.1067524393
36994,6185373.582151787,255.6746022329459,0.4126069325,0.1093798035,160.053,0.0797980786
36995,6117071.574353476,240.28340154267562,0.6503784198,0.12955884269999998,108.035,0.03202095
36996,6096250.739754675,234.4540101559926,0.4498887999,0.1090167365,160.17,0.0784143473
36997,6934844.8559159115,343.55155202519296,0.3429425297,0.1030980808,156.003,0.2940832543
40525,7424556.899867495,277.7425836229642,0.45124450759999996,0.1068624394,91.839,0.0366298049
42045,7769157.3333971705,243.23984960598344,0.9557567683,0.0688402499,59.008,0.35975188840000005
43844,8441242.258860357,255.93531848911618,0.5425548728,0.34752557450000005,92.161,0.0429498496
43856,8752680.282368401,309.7254606776961,0.72878261,0.06726637440000001,126.707,0.0828313277
43865,8627895.976238003,285.80659985473534,0.6596169274,0.0930921583,90.986,0.0315563981
43869,8662816.589732481,295.36584740800083,0.6913449449,0.1215108641,175.794,0.03980931
47171,9777226.470297027,276.83366554258515,0.3969310055,0.223633236,177.895,0.2988410666
75371,24856916.083071575,393.54317696978774,0.7327309345999999,0.3027898842,127.937,0.1418276299
75401,24862192.173430365,392.08858476817375,0.866744933,0.2534469272,127.973,0.2507340785
75754,25096448.520357,398.7470143451654,0.7861957288,0.0390786367,191.966,0.2834175755
83719,30767814.913729236,435.2606217512009,0.8920519359,0.09510071810000001,169.834,0.5093810367
86680,32808378.01438514,417.0020834195406,0.9195109554,0.09911756949999999,150.037,0.0351726717
89848,35281212.22647138,457.7965635173193,0.8748142273999999,0.10824180109999999,129.884,0.2654521438
89859,35262994.682411864,438.4695336378235,0.9309534272,0.4064835228,127.878,0.2473712525
89860,35343867.53665383,472.23161623378775,0.5380348641,0.2339534953,95.334,0.3241484076
95912,40164213.21046749,462.4743188962816,0.9909040083,0.8007380678,75.487,0.1887424967
95915,40163847.23988375,459.09380270834185,0.9865007437000001,0.6468110935,127.513,0.5017376782
99096,42924899.64978097,510.1008301836458,0.632282407,0.2315554823,99.973,0.22909353579999997
124717,67961351.00020978,615.8951460438943,0.8549032387000001,0.39510225549999994,86.272,0.5624925561999999
10,20978.139467168563,39.565468661484715,0.9245251615000001,0.1154738842,111.562,0.032985219100000004
10806,661119.5700014987,121.0015853385262,0.7370601687,0.07381575879999999,46.701,0.0635379719
10807,620036.3807203161,109.438720282531,0.9695950234999999,0.17144071309999998,108.94,0.099643695
10808,642483.3389060008,124.39070481592836,0.8300191415000001,0.08546659289999999,129.482,0.052303969000000006
10809,555035.7741384995,99.78466679960916,0.7515833642,0.3579791025,135.543,0.0938199553
10810,606181.7745356095,103.80507785682227,0.46153963270000004,0.2487624896,112.676,0.044790843899999995
12179,847437.2963249226,142.27175573254542,0.1958791934,0.1189292817,155.974,0.042143522999999995
13197,812669.4446902691,101.73388352082053,0.16723632619999998,0.1113103049,116.015,0.0398851323
19073,1640251.473017058,136.00250786461703,0.0156739208,0.1108362481,119.605,0.0399340646
19074,1613167.7096182634,126.8298822744419,0.2413184523,0.1150230667,89.919,0.0335713878
19759,1760110.233995661,147.8699340561013,0.3881959536,0.4982641647,97.202,0.0394612949
21231,2038598.2894769695,157.58917438198253,0.5478502936999999,0.29586897510000004,129.914,0.0380314899
21232,2001106.282067436,139.22110171516593,0.6650644279,0.1497724911,161.977,0.033538219300000005
27805,3426409.6793361357,169.5562338916458,0.343900817,0.1875240071,126.886,0.0379387488
32330,4686491.527260504,218.9675048948393,0.17356910679999998,0.1091780186,120.057,0.29294129879999997
44805,8915950.59618446,284.88085883425333,0.1593550023,0.1122547591,65.136,0.0327518657
44806,8966237.561150983,289.9413586476008,0.051170576100000004,0.1061000458,79.45,0.0405276033
44809,8921808.404337745,280.2562389431738,0.14008242869999998,0.0742554851,72.049,0.0292688425
44810,9086766.9733745,296.95227165776896,0.380007039,0.104330964,111.802,0.318189279
46854,9753567.286969336,296.1054685222842,0.29242768469999997,0.1097158255,155.245,0.0343904448
55286,13367231.807116631,289.24338724947296,0.8970758292000001,0.0646906513,164.996,0.04204109
61670,16605106.784302026,306.14941968329777,0.7680285312999999,0.0995733611,116.927,0.0300647863
64365,18149997.99130319,347.9563246096498,0.5417299036,0.0446673441,80.039,0.1593490638
70426,21731566.901144415,373.67534278251094,0.1573969113,0.17085043239999997,182.244,0.0869074764
87190,33230386.17201631,432.7906173097764,0.7167950964,0.1504096975,111.974,0.0322923802
87194,33207213.18636497,421.20294705685467,0.40715763340000005,0.0730105103,129.306,0.033293621600000003
87322,33349436.460121978,451.71613705472845,0.4937886486,0.09118933050000001,139.973,0.038596092799999995
87323,33439396.196121257,475.9838445025556,0.369059126,0.052698784400000004,123.739,0.0415628446
87324,33333939.514000203,447.69466701865156,0.43951270770000006,0.1025395384,123.892,0.0342861151
87325,33313413.69221037,436.9450369565703,0.44000212920000004,0.059949400300000004,89.995,0.0315303779
108457,51439089.642724164,551.9742081752615,0.5655338690999999,0.1005316848,137.986,0.0371803469
108459,51401425.70589258,527.2533317414686,0.4628798332,0.3049090613,109.365,0.0330063943
108460,51400006.4668506,538.5628129827878,0.6565828565,0.0831157389,154.93,0.038904641000000004
108461,51375766.8640158,526.8272896805126,0.7271034264,0.2675141827,148.038,0.052257437999999996
6964,272357.5667107809,85.31134493517598,0.262940008,0.168696863,129.213,0.1209528641
16237,1249723.9614280055,135.19911583846638,0.0537146975,0.1050074927,82.584,0.0399497221
16983,1364260.0759912871,143.41365616352095,0.5136146026,0.08287425309999999,246.389,0.11095162689999999
22332,2248207.4653432705,160.75032456697204,0.7344490036,0.1129715051,126.011,0.0471142529
23188,2419599.5202470506,156.00036218137905,0.1404286569,0.1257573672,102.011,0.0365380654
24638,2732869.3160565905,171.0882763937882,0.42782715,0.8070499354999999,144.963,0.047387598600000004
28087,3485529.063932019,177.33799143482008,0.5327390022999999,0.09180086039999999,147.802,0.0367812049
28594,4578011.6810681205,252.88858599522092,0.3866570907,0.26413603350000003,71.136,0.034625906
28595,3600568.041938533,169.18160047648473,0.7088768343,0.10690423980000001,60.074,0.042912339400000006
28596,3619525.92820306,178.76375229372132,0.5237177975,0.37669338189999996,134.54,0.045232629
28597,3596456.078298548,161.62455357979425,0.6994075828,0.38289194049999997,103.699,0.0735120292
28598,3610928.349480756,175.75158317059035,0.5979940431,0.6836432906000001,133.334,0.0359959871
28600,3674645.557880773,191.17994151076596,0.6781505394,0.37400992689999996,127.236,0.0648672188
28601,3648674.1635956713,178.82095411586246,0.9183589084,0.1084738852,143.88,0.2784931053
28602,3618644.8716421546,172.44668272893014,0.4815638866,0.0557015117,74.01,0.0333521642
28606,3714235.8538816567,186.88461534981087,0.8886061379000001,0.1817244079,82.749,0.1554385754
28607,3650227.329891479,183.36818319456157,0.9941435261,0.6081942215999999,116.944,0.12489390130000001
39552,6867674.271424887,222.27612213629166,0.029102364199999998,0.10100604269999999,71.876,0.0635135995
62928,17363446.273571346,339.374393098396,0.665347121,0.3738087974,120.243,0.0805206941
72389,22976895.90689326,378.3670647846447,0.0725174283,0.1112035073,169.336,0.070733272
83813,30689290.60564276,409.4644408853075,0.6238117493,0.1321617695,86.502,0.0378306062
86121,32453996.487342574,450.10792241223885,0.3713166254,0.1053429474,108.156,0.0528536659
86122,32608482.122034933,475.48656743248074,0.1086391408,0.17437097969999998,103.619,0.0405455444
86127,32577601.21930471,463.89955241505504,0.18925717079999999,0.09357007640000001,208.653,0.0517333483
255,64304.445260258435,56.039731388031,0.4357120518,0.11375812029999999,122.811,0.0676240084
256,13685.451306772664,33.34008310463973,0.9720856698999999,0.40734358979999996,118.281,0.151244955
305,88689.0571117965,61.98630528743318,0.0794868304,0.11164063099999999,108.131,0.042528775
368,191113.37427015672,73.75426110146068,0.11646923890000001,0.1017832597,135.812,0.0482104514
574,13692.950910719903,33.64502881540306,0.9852859209999999,0.3111749891,178.194,0.0672688702
690,28992.033299505267,45.737631828867244,0.9564261719,0.6100837294,146.953,0.0760720385
777,118712.19323046731,77.43743585957118,0.4460819136,0.17491269690000003,110.101,0.2035079652
825,53801.121636520285,52.43544792831003,0.9326844569,0.1230686834,250.059,0.09798595939999999
993,23518.3692614146,42.38743882890872,0.6890474098999999,0.08996936050000001,130.527,0.0542027079
1087,43441.094301199744,53.81686674614716,0.8148327340000001,0.11248718449999999,132.949,0.0398695264
1102,111923.06097969259,73.6161804399524,0.7028404520999999,0.0632641788,78.29,0.20004932
1183,39503.82938238837,49.757920949846714,0.8551342547,0.1565358842,145.482,0.053819650499999996
1270,23011.626914877274,38.8107495452821,0.8697368802,0.2561366735,75.59,0.0384554521
1354,24010.499547113828,42.18585923364891,0.9761785648000001,0.1482602181,85.05,0.17951689969999998
1366,21501.231716999948,38.14447987504978,0.7947117053,0.1280969186,137.591,0.0362874118
1417,28909.034404687976,42.374668557264634,0.6587899561,0.09701025560000001,124.018,0.04249844059999999
1450,29855.1930586707,43.78602675163231,0.9939634776,0.045433619800000005,100.308,0.044618781100000005
1706,31080.685185966213,40.076269721625756,0.9771725654000001,0.2760053303,119.074,0.080300215
1720,205791.40053518268,75.23119396919826,0.4246546932,0.1308577472,174.342,0.0491453575
1883,21776.664439894816,36.13373973581573,0.9419612564000001,0.1422250589,170.025,0.0346950931
1891,65084.02778627733,49.589440423996514,0.5543436632,0.1118643792,157.133,0.0385655715
3492,124018.74785505408,76.87076725112009,0.1350242343,0.11418821779999999,153.98,0.0328044696
3624,90869.06961200849,59.52831894636026,0.5858994522,0.0501827353,165.99,0.0354142742
3645,84002.55663754749,55.404714016650665,0.7597394223999999,0.1266792829,137.407,0.0338444767
3647,135714.93461425492,74.9525527637083,0.5358186618999999,0.0616391353,130.821,0.041132491
3649,139240.04510442374,76.53164185254585,0.6083437764,0.1084017491,137.531,0.0538328259
3650,131670.89678263495,76.98853347609956,0.7193133513,0.1299654733,120.191,0.052462804
3760,77615.13835412219,50.53031471270568,0.8980940379000001,0.1400190266,67.938,0.051017025199999996
3761,2849350.861810562,220.74406876457027,0.3467914204,0.2005968591,117.851,0.08487787720000001
3762,160610.9925401631,73.39200905122273,0.4739023944,0.36700954909999994,93.394,0.0516428891
3763,66473.83797721234,36.708780315520954,0.8078862782999999,0.1084145484,162.718,0.044975544000000006
3764,248131.64645508074,94.15575217365198,0.3505318308,0.18474081550000002,134.303,0.04694156
3765,344984.5319682383,102.04653406608081,0.3310534519,0.2470881522,242.58,0.0553456557
3766,113151.90028452409,66.88838397200088,0.5930512105,0.262578313,83.684,0.0552795779
3767,165282.1726177246,69.67891279118383,0.4070801708,0.1115666257,61.39,0.0373515552
3840,212641.19162102687,95.56758148652142,0.9038442068000001,0.7365000158,157.546,0.10753670480000001
3872,84229.9559557948,49.33265460969738,0.7917998240999999,0.10787536619999999,138.425,0.0452899351
4108,174551.8134143576,82.75991123379563,0.45745205640000003,0.2476654347,164.333,0.0791778767
4111,120066.33488773378,67.37826756332358,0.5958688651,0.33953412200000005,167.549,0.0697851636
4198,90742.72847945464,49.10534346959389,0.4706241242,0.11086948210000001,119.166,0.0311327205
4752,127547.42367959575,57.73936136787074,0.5800198825999999,0.2110249809,163.513,0.0255856947
4764,203832.4561502306,78.42151273502665,0.049034256,0.6965500795999999,116.602,0.0379336024
4776,114734.54490876161,54.071949222246296,0.7937715595999999,0.1573313448,87.509,0.0315432759
4777,147269.56092236075,72.65701110821746,0.3876330759,0.6862384689,133.04,0.0401804311
4778,132566.3359280252,62.67514569760916,0.3900280128,0.1300705208,128.163,0.0383916278
4779,127157.70643312664,59.9498293544297,0.5037427343,0.1889959239,111.962,0.0413309501
4780,155162.31498812197,70.01590807555765,0.6640574322999999,0.6209874458,87.796,0.0441804625
4781,122055.08648697301,56.4984907503725,0.5721138024,0.1288180173,137.635,0.032177087400000005
4782,146500.68908078887,69.18296020321048,0.6210083673,0.8827288296,126.037,0.0419888065
4783,257914.5734679404,101.2567827163144,0.4201142084,0.36565904590000003,66.181,0.053983941699999996
4784,120878.71306147588,56.17873756141702,0.7902584279000001,0.3181121522,144.507,0.0337097098
4785,145099.8473833491,70.57075125527423,0.582579511,0.4738699957,114.474,0.045942484699999994
4786,115831.38035258798,51.678348317874246,0.6893586262000001,0.1385065266,83.774,0.0281944467
4787,137859.00117835277,63.32648653401747,0.7047715291,0.6397844147999999,167.849,0.048857718200000004
4788,125569.36427205859,58.749402361644535,0.5983611581,0.7413581947,125.533,0.0318821638
4799,164337.26490953538,72.65712352769215,0.1840616124,0.5773044212,140.166,0.0334750702
4835,138038.19027916758,68.74656612645981,0.9512006849,0.187045906,119.812,0.1512483802
4836,110958.47267352404,49.34624832335983,0.9776780392000001,0.2011815038,117.077,0.05581283
4837,121088.41039471116,59.25116377062665,0.8867778325,0.618881746,118.011,0.0572942647
4838,199896.58139643978,65.94408121237468,0.968146045,0.12504645720000002,120.685,0.10034640800000001
4840,222387.0863132223,78.68202801443451,0.824290502,0.1291572121,106.732,0.044823788600000004
6517,313452.79308371706,98.839468337231,0.0793176237,0.1067239105,106.707,0.0397560449
6519,266907.1910275901,90.49447044845677,0.1936855637,0.07919535429999999,105.207,0.044072585899999996
6520,275603.2185214709,93.0020929151786,0.0714779788,0.1115406095,83.238,0.033049750600000004
6522,206042.6339845276,66.90051305071572,0.3088183933,0.11197971400000001,120.676,0.0402441014
6716,237132.11576271866,73.02826916871572,0.9003923813,0.11207879119999999,147.244,0.0837044161
6734,203130.74214278185,52.444712946080344,0.8854321794,0.0775588861,156.214,0.0613502069
6788,214932.76825865582,63.08401810481004,0.9457193356999999,0.1111555628,119.258,0.1063916671
7132,308163.61747104337,101.8894785075,0.9911379359,0.158396753,130.413,0.0802655696
7495,296801.7490304967,90.98936626903712,0.7923692565,0.3139750271,157.14,0.1264879104
7865,307854.20767929713,86.16585787946157,0.5641674478,0.2148480015,142.721,0.0302703777
7872,369356.6361658418,105.22170182600394,0.5205238315999999,0.06163471809999999,137.41,0.057369714599999996
7874,304740.94817945524,76.16669060573187,0.7234642557,0.3900460899,164.597,0.0393192867
8208,352556.1442702929,93.18535302638212,0.9168268265999999,0.41290187549999996,164.112,0.045603130199999994
8919,497314.02925214695,107.70057724637685,0.7327869312,0.9084033868000001,99.164,0.1206299123
9553,505967.2112330623,96.88050292543973,0.5895778366,0.0972521586,86.429,0.0373811291
9637,509297.5011240755,112.74958432857075,0.6632856072,0.0847837542,125.237,0.0351850779
10932,618854.7333050222,109.81409925115415,0.9225210852,0.10993427439999999,143.951,0.08757556400000001
11205,722240.269301766,117.91482620217248,0.49269321450000003,0.1385026796,90.158,0.0477840518
11268,667764.6912238969,132.497007072476,0.7011092543,0.2496162024,89.996,0.0333564748
11306,573934.0491977141,83.91191897343273,0.6169119867,0.1540724918,129.967,0.031710946000000004
11933,627028.1725584526,76.13862373205153,0.5059012111,0.1022847235,135.952,0.047033802400000005
12112,758655.5582948225,115.12993618547902,0.5814915551,0.10304628539999999,160.03,0.0373580396
12521,732359.440189814,107.99849283406245,0.40395071670000005,0.0835331822,120.004,0.04317781019999999
12611,717598.831946766,88.89032983970525,0.7496986970999999,0.10926624,143.819,0.0382907145
13217,787750.0250039324,102.44242966220787,0.6951487943000001,0.08908518189999999,135.922,0.034031517000000004
13470,843059.377988944,110.14310387207553,0.5767621015,0.20115144170000002,85.041,0.032938649300000004
13556,833092.4033912781,102.96997231818517,0.5536465336,0.1734964395,84.978,0.0283855477
13559,824482.734924462,100.40025935096419,0.431207234,0.073310469,129.995,0.0278979764
13596,838626.4862043043,98.66919630935722,0.4169794095,0.1080016502,148.702,0.0316070786
13666,827389.1787885313,87.02015610400132,0.7099950615999999,0.5022967569,130.188,0.0674447693
13761,900428.7505170923,119.64230124041835,0.0648557998,0.1115625903,123.139,0.0465843917
14653,956099.746959482,103.66416313029521,0.6610260252,0.3135003308,109.962,0.027690594199999998
14733,975650.527147787,105.78024984430697,0.7021224145,0.9238058993000001,132.103,0.032444755299999996
14734,961920.6905980358,97.72906327756988,0.661369814,0.1542322086,193.934,0.0280284527
14735,975708.2815920857,102.71589068586815,0.5860986729,0.2755481262,113.747,0.0287250052
14736,1000023.3001227359,106.13983207410263,0.5664738951,0.08418087560000001,131.175,0.0462582108
14737,992901.8485546762,109.50359643091574,0.5477720707,0.5067982024000001,91.133,0.0285387837
14738,980231.6927914186,106.47641385283188,0.563519138,0.1090325963,105.241,0.0295466994
14739,970776.2959230166,99.83972844817379,0.5922815974,0.1938398828,120.193,0.0393531306
14740,973665.6944378295,100.34730737637685,0.5909456738000001,0.6703779063,173.24,0.0343878948
14741,972978.4185682673,102.91631399375152,0.5647099745,0.582797342,99.409,0.025949815499999997
14742,962715.8367652735,94.70705344517467,0.7253259647,0.6955081920999999,129.344,0.034272111800000005
14743,975648.3098549995,103.34192489651748,0.5428690467,0.6603518306,123.149,0.050380804800000005
14744,966075.6991113076,100.47656810474717,0.7155498655,0.6835889406,110.821,0.040248442599999996
14745,977346.5632896314,103.12121035737991,0.4985683118,0.1125466757,126.182,0.0494412367
16354,1206100.3877550496,116.71069241273406,0.2046624654,0.10611526869999999,207.667,0.0392337345
16819,1248895.0753429662,109.54452101670786,0.8516879605,0.08649580859999999,131.869,0.0358198932
16820,1250937.833621208,107.38340329383365,0.8962841968,0.0998126585,94.92,0.041531615
16821,1306908.0244618615,132.58606909519563,0.6710414959000001,0.080300731,164.427,0.06777042700000001
16822,1265411.740444778,120.30986727640918,0.4452749399,0.1021683211,142.14,0.031179822599999997
17445,1354262.7502544378,116.19532325459866,0.2541721853,0.12580196300000002,63.6,0.0347278139
17462,1373353.4581312498,121.42392354540178,0.21106399329999997,0.1115676843,86.622,0.0352603902
17944,1449394.634955702,120.74618866150696,0.43022230149999996,0.1154963407,88.122,0.044798241100000004
18197,1461356.6244519488,112.66791528423754,0.6779928045999999,0.1000803316,110.4,0.0429560225
18607,1597753.4568152113,129.16049662810002,0.6329563025,0.1478750674,141.271,0.0738362375
18611,1513891.3888411133,98.69976847317689,0.6191765799,0.0829905576,130.274,0.0532137857
20050,1773433.4096936872,130.21921551445502,0.5694397626,0.08483702929999999,160.185,0.0277801604
21185,1986325.60258625,132.1317339369546,0.6996444006,0.1176533342,188.55,0.0293833211
21302,2006921.7480741127,135.30938049712532,0.984302307,0.1509656333,108.802,0.0560313687
21859,2091307.457151445,121.34567180021182,0.7205695586,0.13177486689999998,129.286,0.0591405776
21860,2116750.702540241,142.8499673917227,0.43038150229999994,0.1072858875,115.276,0.0312779661
21861,2123411.4549075416,143.18529779944544,0.5069414138,0.23326998510000002,116.458,0.0311735688
22093,2170749.077918646,146.00513986418733,0.19301636239999997,0.1108890658,141.977,0.033430954
22601,2242578.9316270617,137.06403645063583,0.9007531390000001,0.1478089379,114.227,0.0590328665
23037,2376318.2559824255,159.77496684942054,0.2064291161,0.19356663940000002,78.032,0.0284625197
23041,2348593.5532827023,145.0544119725856,0.5880185922,0.1609120316,123.503,0.0748615336
23172,2359547.593342737,144.48792344755412,0.9403640384,0.1330922375,96.123,0.0667207757
26310,3071866.734032692,171.58484171853362,0.6195051517,0.1396098018,111.41,0.0396545514
26638,3120460.924514443,145.29925021125678,0.5208716596,0.11102737830000001,80.18,0.09427711130000001
26639,3100992.5153349326,139.77840666989866,0.4487940465,0.1107244022,119.978,0.0356869242
26640,3146721.3166102227,162.64249638323273,0.3346706367,0.10074774980000001,220.256,0.1382627166
26641,3137649.8312141756,158.20440651563405,0.36687245799999996,0.09893353519999999,120.025,0.0314789347
26642,3113324.886786555,150.58625926325237,0.4759004553,0.16895093879999998,99.998,0.0284179645
27788,3401973.842023189,164.71638923954103,0.9218860929000001,0.2026999082,154.772,0.0721672538
27789,3385795.4177593193,156.1856608214856,0.9266498588,0.1143589919,77.295,0.1298728708
28266,3588694.771202141,195.5276762959371,0.6492897814999999,0.111187195,105.587,0.0328711051
28917,3653958.5371194347,152.72909069219432,0.8078323540000001,0.1671478954,152.309,0.031899455800000004
29451,3793766.937605708,161.0640772709262,0.8998306428,0.0620559529,151.047,0.0622162988
29836,3925992.4586536773,183.17891724502226,0.6461915415999999,0.1455987765,88.457,0.0430182541
29934,3957450.073458095,182.2486252867262,0.6336594635,0.25707720170000004,77.526,0.0363486016
30865,4183522.376054973,171.15821277731047,0.9472492114,0.1195796773,104.704,0.043322852099999996
31426,4311319.498642684,161.11296234191096,0.9649107325,0.4997088843,98.498,0.046508202699999994
31999,4590222.391484217,217.63224756569215,0.3915606022,0.1177707383,162.016,0.071020787
32000,4750853.105640379,228.5643282701498,0.11149068029999999,0.10543876029999999,95.575,0.0361771767
32001,4513139.61324487,186.2836236420083,0.6423632548,0.1087987008,79.99,0.0271717068
32002,4506428.042060958,191.02966929523322,0.5597346422,0.1043907702,174.404,0.0404482075
32075,4511375.823496978,180.3153331570362,0.6113922888000001,0.09973298929999999,142.503,0.0398315735
32076,4510529.5631379,174.68089375943273,0.3766361048,0.081126323,138.776,0.0318785912
32080,4502369.311423514,178.1809213572821,0.6705123553,0.09035422,144.385,0.0379578338
32081,4502773.306354985,172.72212334146772,0.5920742609,0.0691577285,150.404,0.0420265562
32082,4514837.0294004185,178.8887130916961,0.4474175428,0.9346645585,153.95,0.0358337934
32457,4607989.801432937,176.37939285464805,0.5488654315,0.1099011986,122.626,0.037658989500000004
33459,4939852.675626224,204.1011915987004,0.6392346496,0.11125741039999999,94.833,0.0864408167
33460,4912455.61227675,194.37102342827424,0.312260263,0.1120067585,133.479,0.058996734800000006
33461,4908099.529963401,183.95499736442272,0.5539825101,0.1167428901,138.815,0.0669793865
33463,4927171.5053961715,192.04256285725148,0.0445999149,0.3476293911,95.999,0.0371052064
33465,4945285.221966904,203.5607872750576,0.36517342810000003,0.11680003109999999,169.973,0.0762946659
33466,4920554.742742082,193.05718354398954,0.3079687401,0.12005221810000001,94.732,0.0978669653
33467,4899279.144052732,177.8536211062589,0.2688444673,0.13373614109999998,95.426,0.0424004896
33533,4977856.485012166,206.18140611466154,0.659812712,0.1542011882,94.352,0.025235330099999998
33538,4961601.240379002,197.4975623137192,0.6197933961,0.9233031792,173.776,0.0469560739
33540,4976537.254071939,204.72772660059866,0.4529634517,0.9158533678,116.937,0.0440756084
34352,5161601.937405362,184.39237127226414,0.9839028087999999,0.0878700945,85.106,0.0447936101
34579,5233921.654218855,187.68993670753227,0.8585865365,0.1778849002,115.754,0.03513496
35527,5554865.187187456,208.97096325219565,0.8332741762,0.2450557405,156.99,0.0311777089
35534,5521436.382525588,192.37149473376462,0.8861883226,0.0645260309,145.043,0.032394999
35537,5525503.695043795,191.6192142921676,0.9028586045,0.1325368311,156.059,0.0315438872
35539,5539913.163415076,200.8676311457817,0.6943706790999999,0.0813342614,122.971,0.0466005345
35541,5619183.504768409,211.68123252048252,0.3822190882,0.19016585649999998,135.145,0.0331519797
35543,5531307.417238289,195.12819503490655,0.6588626842,0.18177866690000002,90.009,0.0246745092
35571,5569020.497513419,211.52081916432402,0.6121091516,0.04938210690000001,202.027,0.0281201997
36481,5865018.18902921,203.89845634735934,0.8847609289,0.09668541,154.035,0.0392401356
36526,5850624.209114183,200.0915990736659,0.653424928,0.1135722979,100.436,0.0378223395
36527,5867918.457426495,210.71131251401354,0.4635100935,0.09530352130000001,165.667,0.0383810335
36721,5905372.554439374,196.30078321086157,0.6128544075,0.334171606,116.204,0.0423275725
37460,6155825.85577015,209.91207175965195,0.48753779,0.1927962732,94.11,0.032626837799999996
37725,6245807.830225545,211.8117688919677,0.1719457807,0.7001017514,79.376,0.0378590523
37727,6217569.89522937,192.3797094404183,0.5919670995,0.1331014492,133.455,0.0480936238
37729,6238577.557660249,201.04776844334717,0.3489703785,0.11813176019999999,97.095,0.0343837342
37730,6218086.539522167,189.8592906006109,0.4757973583,0.1018684274,94.998,0.0329904456
37731,6232374.72324109,203.15089422834012,0.1970402999,0.1897102837,94.182,0.040727641
37859,6376858.802746137,221.39916102640265,0.7974922834999999,0.0802111322,180.324,0.0798285535
37860,6310318.411200271,220.25512100152918,0.5943985051,0.1120894153,185.961,0.0316027351
38435,6464392.47349344,200.46323828250218,0.266845452,0.1164439994,54.326,0.0396600913
38518,6484505.087155672,195.52390902467164,0.39317054030000004,0.11320877509999999,144.867,0.0296507762
38522,6495248.449135629,203.29314966921007,0.6480921004,0.1231815828,75.677,0.0312441461
38556,6542674.784525357,221.55124766447335,0.5606910620000001,0.12128821960000001,105.99,0.0360150982
38613,6751426.4423287595,252.78208959306247,0.3287090572,0.43906590219999997,98.442,0.029524788700000002
38617,6516295.580351693,197.91994876376552,0.6167549381,0.1131438141,117.525,0.10716904699999999
38745,6556287.682881548,191.79274586898387,0.2780461314,0.206570085,95.35,0.040798947099999996
38749,6583510.732719088,206.65293789415676,0.09463545529999999,0.1339040021,142.82,0.0355672264
39298,6780195.7072701575,225.01414997289996,0.6848232595,0.0742409448,145.685,0.0323913974
39359,6821887.326437155,221.1266648339542,0.2890372793,0.092521841,133.762,0.0307606989
39760,6920187.475807112,216.5792624537083,0.7832836026000001,0.11090835310000001,246.822,0.141344594
40133,7074451.170928653,226.42630383493446,0.5342096503,0.080455586,125.231,0.035035447000000004
40134,7222367.765768142,244.9607653486406,0.5724109468999999,0.1512651079,77.685,0.0333512729
40903,7377259.543309835,240.87580430127375,0.3708488379,0.0700518218,82.501,0.024756342599999998
40939,7348356.496538646,233.25617848033414,0.6706029989,0.1708545948,126.354,0.0927480761
40940,7361356.199524332,236.83253585964758,0.6317436913000001,0.1880545225,111.549,0.06395243889999999
40984,7350468.300892887,218.606486976193,0.4323552126,0.1120059001,165.035,0.0336777623
40985,7371647.842060299,228.48979995722746,0.7207124829000001,0.13530921529999998,127.153,0.06978300309999999
40986,7365163.928528367,236.23617273430702,0.8875255606999999,0.12918932630000002,172.491,0.056461976799999994
41095,7395736.105687218,215.16336031099033,0.8631456461,0.1656350228,114.847,0.0303462998
41812,7756720.295587043,254.68390517543017,0.1862249128,0.0727534546,97.361,0.029846436
41961,7725178.875877619,229.5890638629921,0.34262364590000005,0.11158828330000001,136.539,0.0458894408
41962,7694716.72101902,212.26878855744627,0.5963020997999999,0.0912110433,138.771,0.0357704925
41965,7695354.576926473,215.4152945962511,0.6431730125,0.11879473550000001,152.569,0.0358373604
42044,7718513.68819415,215.8361747699236,0.9448941178,0.0998492728,230.087,0.0811447599
42310,7834488.441208024,219.57874224720877,0.1315054709,0.3586210286,131.543,0.0436211
42449,7948295.1621170575,259.21184695592837,0.7535446434,0.2963202048,110.9,0.09399623369999999
42475,7911981.590025811,243.33363147409915,0.8299669206,0.15591598210000002,136.938,0.0609893681
42761,7992709.946967269,212.88159814946113,0.6085947705,0.1112127542,120.051,0.0335495486
42787,8045389.609649436,236.22563455839392,0.5801910762,0.3125949274,168.456,0.042230035
42789,7998558.647889003,217.8497649815637,0.6834629172,0.1144094331,179.996,0.0452623167
43615,8323019.580412684,229.6941471279939,0.4790043744,0.7907108002,156.544,0.0497039564
44195,8535110.381787136,233.62468457875067,0.9545550386,0.0761658816,137.986,0.0622823747
44287,8564629.328027515,220.34993638867954,0.9823332996999999,0.0868406526,154.218,0.0967363083
45054,8920556.12295019,261.2744711850651,0.5832510424,0.09866585289999999,108.37,0.0349138201
45055,8944428.25835809,263.15888034287514,0.3473390083,0.1019460214,135.763,0.0324955969
46149,9309243.486455636,245.21758675405806,0.4965097578,0.0872819164,120.028,0.0387620478
46757,9565918.54398524,240.35898058696594,0.4664744396,0.1907403025,125.263,0.0322287535
47449,9838600.085756052,241.31716894420038,0.8419348906999999,0.1155351628,170.025,0.0302895998
47471,9841326.478589179,230.1100497480188,0.623583464,0.12021010289999999,160.871,0.0456242836
47478,9846273.577743204,243.35619665616724,0.7006336285,0.14037726009999998,98.337,0.0236155105
47676,9929795.844002794,245.95335423300617,0.8672592648,0.0652386195,130.085,0.0415461055
47916,10055905.30518012,257.83826700216423,0.7597508426999999,0.1875733465,97.719,0.027534787
47921,10039876.044623042,246.57608738662103,0.6888027185,0.4797914681,95.059,0.0252741206
48015,10184408.083916804,282.3762085264402,0.1739724042,0.1219501165,90.01,0.0370318527
48367,10362023.918209981,260.6850449423018,0.9301126242000001,0.2282262097,94.713,0.0743154764
48368,10215123.901841668,238.33912099941836,0.8683975054999999,0.1234095733,133.337,0.0663869562
48369,10222068.729923185,241.54553335525029,0.9759782740999999,0.3026873088,123.424,0.078207397
48990,10777342.429221561,318.0994103559546,0.0150227943,0.1115194279,121.904,0.0710637571
49103,10536828.512958676,253.92359244548038,0.655204534,0.1506386036,138.798,0.0386761575
49441,10677696.526690332,251.56275739832142,0.9145879346,0.07744502730000001,173.961,0.030620396600000002
49812,10849142.631072039,255.38730830901662,0.45830141469999996,0.6894068056999999,184.488,0.0407741779
49813,10842031.62011542,248.7377774694319,0.5718422352,0.2825619404,103.218,0.046965510599999996
49817,10853190.588963324,254.44432722591836,0.4554983722,0.6940287028000001,167.876,0.037188872799999995
50270,11038999.282993656,260.61653860249083,0.9198695106999999,0.1291528691,189.839,0.0515403468
50444,11114941.99325034,251.04546713875672,0.7096544666,0.14198613300000001,102.242,0.043760173799999996
50445,11121014.137492854,253.0438640350856,0.5214077984000001,0.1115037577,136.912,0.0426362237
50446,11189094.204726852,281.41425288102795,0.4984736978,0.2168223338,82.73,0.039622833999999996
50447,11124481.471968655,256.94356502196285,0.4771664521,0.1266465181,130.512,0.0516829098
50448,11120114.100723187,254.3205621641301,0.5916916146,0.1264386128,174.399,0.0398833376
50449,11424123.344599832,334.7163777888258,0.08268502929999999,0.1372296409,139.524,0.4494647075
50752,11250867.940838553,265.1041169236694,0.969360628,0.1279893187,165.786,0.2501214474
50753,11255671.190873235,266.1740242782114,0.9324790529000001,0.1369079124,135.959,0.22508807809999998
50754,11256843.581396485,265.9460878292821,0.8730120894,0.2458921143,130.725,0.1592541582
51716,11686003.084876463,264.0957312202996,0.943161459,0.21325868469999998,136.615,0.0725656075
53807,12640480.52489642,264.4976673785183,0.9596136603000001,0.1115151117,161.547,0.0927454201
54735,13086247.872354763,278.27964294977164,0.8963865267,0.2729779133,93.812,0.0327969211
54736,13125533.90542134,289.73630009304543,0.4834669873,0.0667644779,152.557,0.043259055
54930,13178119.197455667,264.60411322302275,0.6908094057999999,0.4463062881,81.792,0.0367396273
55402,13413620.07738463,280.47732171515725,0.9333785840000001,0.6497482491,90.03,0.055041392800000005
55709,13766611.82662511,345.9516644983244,0.6706717605,0.0450968476,139.996,0.059334753600000005
55710,14047270.089429682,330.42239192597424,0.177358198,0.12505928089999999,90.381,0.0327155111
55711,13783615.734331405,334.29000228994494,0.734669825,0.1559925998,113.968,0.0314192117
55712,13939975.054805284,343.96171558573053,0.5431996725,0.2783744861,139.982,0.0306377734
55715,13596597.891328454,293.85744301681837,0.6395552471,0.0695926085,108.019,0.0278044753
55718,13585247.731945876,291.30394487987775,0.8619850281,0.8607305917,140.042,0.0345354908
55719,13657416.186048781,309.0333763449196,0.8399925704000001,0.8216652322,130.119,0.0781378546
56883,14124427.001740424,269.43005678734363,0.8516019737999999,0.08921016,108.848,0.0311726381
56885,14154491.622851793,295.82360382981005,0.6543176989,0.2477219929,142.746,0.029796012799999997
56929,14152197.685981914,281.0238099741109,0.9159336069,0.1533178688,154.297,0.2022124355
57558,14527521.95006619,304.48012066893364,0.2822730866,0.0944012501,101.769,0.0298262175
57624,14519314.514377618,288.76714743411924,0.4991809966,0.1026387369,128.343,0.0336354902
58221,14828696.631023474,304.064075349248,0.8111905467,0.12350224470000001,149.992,0.077679259
58539,14964629.561400007,294.14117494489255,0.9732154713,0.13614336359999998,95.911,0.044247575899999995
59876,15679336.041244818,302.5625906244716,0.670768185,0.376850415,84.139,0.0327690823
59904,15791241.02419365,315.0888867124654,0.33781032450000004,0.10329184890000001,76.337,0.0335875268
63043,17350648.349400066,292.7342305187834,0.9286271627,0.0990607674,162.85,0.0466503321
63045,17354730.269736484,307.2574129892088,0.8374517145,0.8943356173,198.856,0.0399439121
63187,17436299.555552796,310.3391794175695,0.8265317389,0.0783656821,121.355,0.044205975599999996
63188,17450536.56900395,321.90662079628856,0.6670960482,0.0995458055,123.623,0.042728096900000005
63468,17583789.779728867,295.54139526993976,0.8977734478,0.1877656339,151.281,0.09176186759999999
63469,17585385.999642923,291.37031985417553,0.9053106129,0.6366513064,148.383,0.0712989611
63472,17584984.455012508,304.4423683600987,0.8753960551000001,0.27255360019999997,150.41,0.07233955519999999
63593,17741902.19939298,331.1937674950974,0.44354939020000006,0.28407980969999996,119.385,0.0391383211
63922,17864429.07785377,321.76841528903543,0.35541082399999996,0.11600631380000001,105.862,0.0339921507
64029,17898976.216624085,306.6151658794131,0.8556789709,0.1300653553,89.968,0.0459398066
64035,17898703.154909126,306.8151333791096,0.8590773193000001,0.3357974393,91.958,0.0553276396
64567,18214797.763979666,324.14860258276207,0.8990965109000001,0.351077061,163.983,0.1477736241
67121,19690717.36516187,336.0029387025772,0.8565685547,0.1302444959,113.997,0.0489393017
67566,19945319.979458585,344.08900072843005,0.7226600724,0.2658465285,141.646,0.07092839769999999
67654,20136599.32343567,373.46174071765853,0.4406801081,0.118004249,140.007,0.1647840668
67659,20189617.429969672,368.1210092617053,0.9605480984,0.22939584649999997,110.999,0.0755725404
67660,20447322.874317434,376.28196118669695,0.9426171325,0.0831476857,179.97,0.225470625
67661,20408243.06520586,424.0553818272407,0.0699784953,0.2724322241,89.992,0.0434095149
68708,20605409.665346097,323.8456008219581,0.9254827447,0.0377102181,176.709,0.049890335
68712,20607746.1368459,329.1288016617253,0.9561514193999999,0.0419053573,159.334,0.0537872683
68713,20609674.34054507,327.2678640817892,0.8434734142,0.10192797769999999,89.765,0.0401799423
69259,20946844.879791524,337.4429205870725,0.6090542483,0.2099106824,147.211,0.0267252824
69263,20946924.56286192,341.4806332594742,0.6586253613,0.07650579980000001,160.131,0.0275513816
69781,21279688.37309557,351.1327418402214,0.7928857548,0.053984102,163.454,0.1298069055
69945,21375887.160756156,359.28610479152405,0.8891324009999999,0.07048594679999999,133.068,0.0573557304
69949,21374547.820008162,343.2399696571803,0.9221676403,0.181925025,144.469,0.0524101929
71362,22335852.900968846,377.3007883866449,0.7107370219,0.472824184,99.639,0.052091701799999994
71365,22232808.677790336,344.48950459828905,0.8659380790000001,0.1326773889,142.781,0.045133458
71371,22233947.700576395,344.42907000882894,0.9339490746,0.1929456182,145.754,0.07217136980000001
71372,22308999.301985778,376.0049446086109,0.9113907393,0.1145576125,138.75,0.1653793241
71488,22310492.661979627,330.5869805754804,0.9720720829999999,0.593921625,108.028,0.040663852599999994
72060,22707983.3731377,375.899542260148,0.5915831205,0.0779129943,86.402,0.1479306152
72475,22932911.303143397,360.01478388006717,0.9376804242,0.1549078227,157.835,0.1049738594
75211,24811630.513009302,406.9797528358883,0.4264782819,0.0530646625,139.424,0.0663369112
75903,25162751.85418786,371.1146003754939,0.6634161990999999,0.21270414489999998,108.237,0.0439152688
82462,29732707.757100444,421.95968877268245,0.42266223280000004,0.1037325099,109.888,0.0338871862
82464,29692790.641378034,397.4088812269187,0.9068678317000001,0.20872611859999998,154.262,0.0399146022
82468,29689608.282900985,393.58623229206506,0.7015381334,0.3791502604,113.428,0.041366577200000004
84289,31010817.15412808,400.0714185004563,0.9199963467,0.3303957729,142.77,0.0704877126
84290,31035295.94548355,420.40677392375795,0.7055380843000001,0.2730281145,138.405,0.0419409114
84291,31016479.316737834,394.3297835640992,0.8616213348,0.34195876070000003,143.082,0.0318953889
84294,31019746.120604146,402.59042654513405,0.875727659,0.1985084439,156.182,0.0483555251
86795,32890598.864121914,414.83116504169294,0.6025989143,0.3068922971,125.107,0.030112662000000002
86799,32904549.160909563,415.7579316506285,0.7868235093000001,0.1013539314,156.175,0.031723322400000004
87361,33337166.41428783,421.5182608806581,0.7491975646,0.11537877960000001,132.273,0.0297274648
87363,33448859.669670757,455.1661653078925,0.4457297335,0.054965691500000004,118.757,0.0408346902
87490,33413153.18607428,409.616075814321,0.9253739251,0.0725284159,182.503,0.0496914917
87491,33416878.486663967,410.87866281909123,0.9061347922,0.09385931900000001,186.919,0.0634805294
91205,36347442.82339694,452.35246968333587,0.44207903270000004,0.1564728015,80.951,0.0235635276
92521,37387061.502125576,443.9987181084555,0.8131958058,0.1344527353,124.971,0.0333829446
94532,39018169.674579635,438.5023971764821,0.8913254127,0.3164713372,162.262,0.0586503531
94550,39065846.35186645,470.05663600344536,0.7380271543000001,0.104062839,123.158,0.31699768079999996
99250,43000745.73608984,463.0442487027366,0.888614778,0.089722455,110.05,0.0394455205
99259,43010465.21100028,466.5711673013922,0.692344656,0.1506692574,150.031,0.0312906969
99260,43010803.476911135,469.78563778734593,0.931162556,0.14099041539999999,104.997,0.0544569843
104086,47305406.39082802,489.11048332262277,0.9413265720999999,0.1295751571,156.089,0.11603253050000001
105094,48213007.113189645,496.2226234382096,0.9967967616,0.3592526779,120.155,0.0805986237
107476,50471622.6181911,526.7473513404328,0.4183871256,0.3409851099,130.056,0.0424722922
107504,50459007.937567934,508.81730154361145,0.8213724091,0.1774461262,146.666,0.044445737699999995
107506,50457616.7717891,489.7018746118822,0.8846354898000001,0.13586895029999999,121.727,0.0525229804
107507,50460816.73333675,505.5794941212948,0.8925439359999999,0.09683191769999999,82.536,0.10510903529999999
108290,51197142.192444704,513.8102290113703,0.5348766421,0.2187768153,92.47,0.0319412803
108295,51229073.92943973,515.0071864628009,0.4028780824,0.1105826115,144.362,0.0285925088
108297,51414093.34864795,539.2291544404121,0.4668300393,0.11391340960000002,136.064,0.03484655
108298,51224944.93609036,526.7432282322792,0.5780824831,0.3032169751,180.154,0.0424367878
108957,51830670.52112613,504.07544062446556,0.8204251122,0.5389931514999999,138.446,0.053512577199999994
108959,51920705.59000318,528.5434222406088,0.7008930333,0.1223376164,164.816,0.0349817184
108961,51826961.9904845,504.7344507621829,0.8424266629,0.1034329256,169.915,0.0583903213
108962,51934463.242110364,531.8407786474287,0.7342310114,0.100472771,133.187,0.0511901379
109235,52094391.229252554,514.8832509604614,0.8804745037,0.2708754128,181.802,0.0578432208
109349,52218311.74348105,524.3401396275195,0.33552855530000003,0.1179824047,113.941,0.0364600752
110544,53345728.18022307,507.350464272511,0.9478610681999999,0.39645386369999996,139.143,0.0905991486
110545,53366475.93671372,522.3398999772927,0.8336097684,0.11673311859999999,124.956,0.0561907015
110546,53411945.89328387,523.4681096764857,0.9104990648000001,0.1095368691,134.369,0.1068608607
110862,53663866.67187226,520.0191288888739,0.48444345990000004,0.2286729573,169.79,0.030560559100000002
110863,53692271.55138732,536.5480462398236,0.7020983211,0.3193540156,125.858,0.031070216299999998
110980,53776695.469721615,522.6762708341546,0.6020192367,0.1070572332,125.02,0.0344890156
110982,53772816.12672778,517.5157479241818,0.453355467,0.0946381899,120.016,0.0350842984
110983,53773242.16021378,512.853608911559,0.5477528956000001,0.1004427079,120.008,0.036807130699999996
111747,54560364.63055801,540.8115023916813,0.1507513164,0.118506736,143.456,0.0387991178
111910,54680354.58415095,512.1586148803101,0.197465447,0.3269195446,73.061,0.034689435
111911,54680184.89008127,530.271321277183,0.6032644051,0.1389722824,194.588,0.0488460136
112313,55149431.14794506,541.2282218017174,0.0569943917,0.1153536482,109.885,0.0328859488
112314,55066427.52786202,519.6845606665433,0.8708593775,0.0284751897,181.948,0.0425204508
112315,55066441.51383788,516.4503264831148,0.9464059618999999,0.332096944,176.993,0.06427947099999999
112316,55070696.98083061,523.1913913837817,0.865630272,0.113464135,143.013,0.0325265816
112318,55072969.010311395,512.4218608512808,0.6200270801,0.1753076517,137.999,0.044978566100000006
113298,56039849.24108413,524.6940504593349,0.9437628416,0.2259021844,95.775,0.1636167527
114198,56932949.63891654,531.7109288779252,0.916444142,0.1527632153,92.518,0.03521475
114200,56931812.48013433,527.7905727119996,0.8753047751,0.10730733699999999,178.038,0.0554688213
114201,56968869.000064805,549.6559722995148,0.6665511859000001,0.09236311859999999,114.077,0.0416029467
115761,58497826.149980396,531.4887279564215,0.9948774401,0.32715342210000004,140.479,0.1133707895
115762,58578090.883446515,556.2296780469266,0.9705584527,0.135037286,98.683,0.1550901374
115763,58648732.839127146,570.7545790784433,0.6188987771,0.14023625480000002,88.841,0.049736875800000004
115764,58559913.113358974,561.3105984195543,0.8567494079000001,0.3189738862,150.01,0.17922295670000002
115765,58521435.1076942,549.0231604186622,0.9958139424,0.33342122820000003,109.966,0.0724639466
115766,58515821.06629998,553.4955949978809,0.5020092171,0.1610543837,95.016,0.0349906781
116546,59344088.915555745,572.7254735473964,0.41996494759999997,0.3036752961,172.725,0.044763719800000004
116547,59358663.48914871,571.8896480667145,0.43522882840000005,0.1168659021,37.245,0.0380223343
116548,59331792.841019444,556.8154831752773,0.3016678062,0.1267731193,85.93,0.030095585600000002
116867,59625152.176452495,532.1812871166101,0.6323814045,0.3365784582,200.293,0.029170488799999998
117878,60660420.9038241,535.9105043718864,0.7603050648999999,0.0566225728,135.04,0.0443838847
117883,60664812.215506256,540.9979973228669,0.9437129823,0.2015086153,180.165,0.0895369653
117884,60699869.77807773,565.3752312952167,0.5650206722,0.1527654018,125.576,0.030679552599999996
121256,64232583.015233316,579.6852450544162,0.7702806126999999,0.3341532908,146.97,0.054363714199999996
121260,64275627.81519207,595.1091941634005,0.35440159590000003,0.10299855050000001,146.704,0.0490304653
121587,64539567.918845996,566.6099140414765,0.693055235,0.0752089654,92.154,0.045126636
121833,64803846.640862525,562.9614557949805,0.7724864981999999,0.11222098369999998,127.84,0.0370502421
122472,65492476.51088759,583.4901559031323,0.21942271489999998,0.1074380143,130.108,0.04902823269999999
123427,66500453.29559279,573.070326970741,0.7978537204,0.15885364429999999,167.926,0.0381499057
123469,66590653.374418765,598.3105564533541,0.31493046269999997,0.1747767751,89.727,0.0321158404
123473,66599724.348232694,597.8503356883407,0.4836524143,0.09640659300000001,129.856,0.0345853377
123561,66651551.06581786,580.0027680836869,0.6906954688,0.2538270822,93.071,0.045781354100000005
123821,67097809.48129263,602.9133298196078,0.3296444484,0.1044946042,111.243,0.0312622782
123822,67110660.89504573,617.4950621107733,0.47744501780000004,0.08825285349999999,79.372,0.0493673473
124184,67323714.4606267,585.4049353711467,0.9551085729000001,0.35289735829999996,124.996,0.072760912
124185,67324068.45247804,578.8183706886712,0.9686722588,0.2129830473,95.066,0.0529159975
124186,67346012.26934683,583.8271795286807,0.8645419459999999,0.2625441342,83.747,0.1006014286
414,255692.09940444998,98.03623912429651,0.3929718001,0.620822932,111.627,0.6214270932
665,179950.23983714395,64.53670237155241,0.6615805111999999,0.10400533210000001,109.914,0.045762321200000004
1482,134362.28303490093,78.42348723297512,0.17679939149999999,0.09442251269999999,97.539,0.2300116964
3565,368986.10671697935,108.15620042603622,0.9876743212000001,0.0969988192,145.766,0.5340770475
3573,102410.18420211722,64.84456600470567,0.8627467642000001,0.5351868351,179.986,0.1337819872
4519,143699.4358555653,65.26524988142009,0.509240895,0.37170287490000004,93.704,0.0690599152
4520,175964.9714871386,70.87023821592709,0.4413672903,0.1759724994,98.684,0.0328699661
4521,144663.18159016015,71.2970264502144,0.4731691957,0.21866649149999998,129.3,0.0437372743
4522,134866.43539051941,70.62502957761049,0.6043295499,0.3603763804,100.811,0.08846042609999999
7011,388704.09417562356,108.29368309674236,0.2771852067,0.15683991,58.945,0.037506411499999996
7937,302424.54170635046,78.6953769476131,0.8158403544,0.1263609131,186.962,0.0364636233
9186,462102.9366813374,105.53571402788168,0.3676952601,0.1164605457,141.652,0.0972177714
9813,499897.83788533084,106.02568955290698,0.32570433600000004,0.5889947834,119.977,0.0327724509
9884,481082.8867331592,93.33385363667033,0.5032154159000001,0.1596104611,132.839,0.031753338900000004
11262,952812.2101311346,162.0717972070808,0.5637149693,0.1676393871,135.073,0.0358954226
11266,730975.2617055792,123.50325528845674,0.4745775539,0.09347154390000001,184.03,0.04720058110000001
11273,654440.8667163765,127.05496537685413,0.4476694662,0.07832181740000001,180.457,0.1059174368
12189,699097.4575665067,104.43119950738338,0.4136335875,0.0882058015,96.26,0.0561194254
12275,796187.3461523973,128.38602240772533,0.5470995462,0.0864727443,119.989,0.0521264283
13367,848767.23704767,120.77344548344847,0.6048407278,0.653778622,162.023,0.052887689
13474,911935.217913974,136.44765418989124,0.5333815593,0.10302540859999999,100.014,0.035244197000000005
13562,839890.5387710901,104.86098866614148,0.5522799487,0.2267909188,99.978,0.0271927538
13668,970452.2890055954,139.02454884742446,0.29279178640000003,0.0831936188,200.076,0.17339572379999998
14344,1149916.3225222817,164.22997488098213,0.20297998960000002,0.0768478147,100.022,0.0389516056
14652,945941.2009800451,98.05743510894148,0.8953917232999999,0.13296093109999998,182.014,0.039677699500000004
14803,1260246.0981636622,169.51077699924977,0.3153111219,0.1314473564,137.044,0.0326646018
14869,1340791.9020809163,186.2994562944463,0.5003709539,0.0752198058,125.082,0.048517483300000004
16827,1310265.075816995,137.7316549474406,0.5580930955,0.1147918264,98.004,0.041220588100000004
17882,1411832.236040952,117.54254772115371,0.9894728353,0.2939433503,150.555,0.04069967
17884,1403741.158021197,108.82825118788864,0.8912399205,0.2726286696,140.274,0.029028073999999997
18636,1540818.5015396026,126.05741672683145,0.9298142928,0.23644699030000002,132.044,0.0306397396
20667,1947380.1750910068,152.37659463078168,0.9467880645000001,0.1074033,100.039,0.068823032
21422,2029728.1665682446,143.09451309978954,0.9120969915,0.165451109,111.992,0.06544920679999999
21426,2070325.5715982139,153.05988149246684,0.751279716,0.1284844957,150.039,0.0421213198
22592,2316939.2453559814,170.6475296429524,0.5719105738,0.1647898089,143.958,0.055119136799999996
23010,2455680.4142457685,174.5619795520777,0.7934750704000001,0.11426334949999999,100.047,0.1024459717
23013,2433291.7199315303,174.90174055701047,0.8266314953,0.068605738,115.027,0.07595834230000001
23016,2342856.194490459,140.19145019674013,0.3775093947,0.0964510674,120.045,0.0464867535
23036,2387201.300505103,165.91961515519694,0.6316365682,0.0947430632,129.815,0.0632151479
23355,2519363.911881903,183.72782997838866,0.7694869572,0.4085340606,105.009,0.07775679320000001
23505,2715045.4940084415,221.5171494879943,0.748253961,0.115238251,120.01,0.0836525266
23854,2566487.269436542,169.1630061783009,0.9576715328000001,0.3319318321,125.287,0.0683426012
23856,2508530.3877489534,151.47845657229868,0.9664366618000001,0.5451414961,161.923,0.0643184659
23857,2535083.4897410646,160.88739899048036,0.847008805,0.0754579033,161.945,0.061170265599999996
23858,2496927.872829023,133.41901391721746,0.9212165489,0.0830080991,120.895,0.16043600689999998
23860,2756341.436160841,211.43941241413273,0.8944886676,0.0999825459,187.972,0.5051572879999999
23861,2615779.7820746987,180.50478818068908,0.8245678337000001,0.1102559627,150.316,0.0648296622
23862,2589486.566858571,175.26674030362096,0.9065267989,0.0983604824,152.911,0.0919498259
24177,2578714.8480266943,148.45327628660306,0.8414270119,0.8452418878,131.615,0.17123173940000003
24750,2883322.4884955576,201.28123455484106,0.4291016385,0.0964987347,84.088,0.13894685910000001
24855,2778599.092153744,180.84085558669778,0.45924445329999997,0.1100754534,118.03,0.0549743475
25378,2821077.770243152,140.84260908699213,0.27628078510000004,0.0790178188,125.841,0.042054700800000004
25397,2830182.223081434,152.00570919296595,0.5643196907,0.1074861483,99.996,0.06913517870000001
28179,3523207.326657935,180.11041084164975,0.8379018454,0.29719106829999997,100.984,0.049556740599999996
28546,3693527.403282833,201.9158126116607,0.6980833474,0.1448078958,89.99,0.0431769716
28548,3586567.5388374357,173.4320865037026,0.2854511063,0.05176836,130.006,0.032577541
28553,3597638.7130486295,172.66743695960741,0.1552634869,0.11156902519999999,134.836,0.031108728399999997
29037,3863509.6767679825,221.88462476391572,0.3476796267,0.0625158462,119.964,0.0553438294
29038,4351443.62285295,276.6294297946926,0.4909892817,0.10684280859999999,89.998,0.33583933979999997
29039,4109724.4018270196,253.80591789725585,0.3616075329,0.1307215332,85.034,0.3282015352
29040,4433949.041878211,284.3850108949803,0.4940129588,0.11502263310000001,63.345,0.1553179337
29041,4122057.1360596023,253.9053309051834,0.2718102478,0.1136209948,85.137,0.3942194932
29042,4599425.776679045,289.1091760263171,0.3777390729,0.10851742550000001,111.982,0.1611439815
29043,4048955.0876575294,232.5376856249366,0.1824435878,0.1268445188,89.979,0.0596641401
29044,3988090.509992027,246.65049105828166,0.422473128,0.1813659611,180.005,0.0909870877
29526,3817377.3505559247,172.03696535537247,0.9650593478,0.4077644125,129.998,0.044856052699999996
29527,4045222.6665406683,214.3249250312471,0.3303333683,0.0958196265,160.059,0.0691785981
29528,3869531.444912084,198.0044115236026,0.4390526549,0.0578018113,115.993,0.0334788768
29530,3813344.221969205,164.45101241664455,0.6513922953,0.0975310422,120.042,0.035526668399999996
29816,3902738.107037046,166.12502697225153,0.3660395335,0.1512156816,155.08,0.032978049100000004
30519,4088866.6144298767,169.7060128280074,0.7479562028,0.1219142998,64.507,0.0403332128
30520,4102874.269140218,187.29912657101661,0.7463647815000001,0.0992508331,132.929,0.0357174782
30521,4079925.0284861075,174.0438700444362,0.5881581963,0.3318359593,132.017,0.0440426506
30522,4099055.7458454296,179.38745003832005,0.7931373006,0.0522267908,134.094,0.0317559611
30893,4933604.711011378,262.32381917253673,0.616280821,0.45443311090000005,93.152,0.12691322130000002
30895,4641816.985713991,262.1822924074022,0.3137185791,0.08932192550000001,179.91,0.3657700958
31040,4437099.487658998,238.36112711652143,0.5475571793,0.0994154757,160.058,0.11383995640000001
31041,4333592.780267459,215.38296443919916,0.4110270835,0.1375324392,130.029,0.0409922889
31043,4773824.059152859,272.3811625480166,0.2966272014,0.11486639050000001,84.998,0.06540640519999999
31044,4358552.605269339,219.45658224779697,0.6983443870999999,0.10002258509999999,99.995,0.0728570972
31568,4458075.190015549,206.3879570771524,0.5477860026,0.30973776280000004,120.003,0.0378668291
31577,4404253.623761062,197.45206755054411,0.9047465909,0.1177401198,120.04,0.08226950599999999
32218,4612697.467778688,208.74400439036856,0.7021719598,0.316608218,173.931,0.3726949779
32433,4603429.548673701,182.26139308199913,0.8685423026000001,0.0949649284,85.325,0.0608174997
32435,4594207.574378103,162.3696080114751,0.9653026402,0.09548563619999999,130.006,0.051269548399999997
32437,4598420.461069437,173.38317178112274,0.9985625795,0.0641098505,131.229,0.0764748499
32438,4596703.210225649,170.34288116566765,0.992145409,0.1003449152,149.335,0.2603941242
32439,4593927.025105965,165.79433694114675,0.9877835240999999,0.0917904093,81.167,0.1034639838
33064,4808840.911276034,191.21146667380518,0.8203166995000001,0.16022740119999998,179.006,0.0439678896
33203,4859320.402677126,202.17835297252446,0.6729094032999999,0.0607681067,194.646,0.1309646751
33213,5093439.306004634,257.4827116419026,0.8309788938,0.094925043,82.765,0.2077164588
33216,5180206.214212796,268.2378209707454,0.3884341476,0.0637900843,89.251,0.0413033007
33221,4891843.27708267,218.0036442622939,0.7769034717000001,0.10476516710000001,85.742,0.0853000667
33623,4970390.029968872,193.8869407093895,0.6634414386,0.099005314,144.028,0.050771240700000005
33632,5123778.995223417,222.48373404587684,0.0390375217,0.10643848880000001,53.311,0.0357266344
35296,5453366.046382493,194.75057179292887,0.5297246354999999,0.11166527400000001,220.007,0.04822141730000001
35299,5642104.052068794,236.06832188082188,0.5131390379,0.09681407869999999,140.166,0.09263708699999999
36096,6220051.141417342,302.01201751950214,0.5301758576,0.09593619140000001,156.029,0.37208657770000003
36097,6324736.1800535815,305.3648602055602,0.6037260645,0.1003816974,130.886,0.11437488300000001
36099,6243138.517550231,309.1750408697367,0.7002686022,0.08550249,240.302,0.1057939548
36380,5884033.336094542,239.15297868413444,0.7815080575,0.21509672579999997,101.666,0.12483172109999999
36428,5999587.875444977,255.2972127871249,0.4178569435,0.10936161119999999,92.981,0.0669813599
36435,5878826.666339088,223.34928515979826,0.6692345463,0.1333294217,128.142,0.0415015915
36998,7156262.771667518,337.76705108752964,0.6119147725999999,0.0734111566,74.377,0.39823585219999996
37131,6037295.4530392,201.7713452677978,0.8751995523,0.3882968779,120.058,0.0879945345
37917,6292681.472710276,212.1166491656454,0.9929489021,0.1094683058,99.982,0.1439619975
39291,6919902.895416821,267.6290999681135,0.4364323515,0.1117180157,124.994,0.059451772699999995
39605,7057432.137366126,274.665545100548,0.5005356297,0.1308959966,129.014,0.059242400300000005
39607,7403338.897286191,321.31959345050467,0.7255742217,0.103838623,125.982,0.10208782470000001
40081,7091812.062907712,246.99449459528518,0.46228090380000003,0.170732174,91.738,0.0643442207
40842,7342284.526004348,233.76345862902795,0.5688285746,0.13894964880000002,86.958,0.0313860515
40843,7352289.267613967,221.44596433307814,0.9303121970999999,0.09168693630000001,103.943,0.0363138127
40844,7356567.708794403,229.59907641375716,0.8897306993999999,0.09299764320000001,165.985,0.0660197587
40845,7382673.396455316,248.08721687985408,0.7152350308,0.0840662189,200.007,0.2379281908
42018,7900198.678463203,278.7812543071935,0.5178546653,0.11831620300000001,135.99,0.0500331406
42019,7894168.894816295,278.0646007306214,0.6534367239,0.11472859980000001,150.97,0.0593862758
42372,8579457.17322721,319.1816068254855,0.5296297687,0.1117107552,115.047,0.10447832119999999
42373,8362436.744090382,316.33112355613537,0.39645100710000003,0.1106538434,126.01,0.0652486619
42374,9236361.256210739,383.5444262899944,0.1402834215,0.1107992931,113.057,0.17974110969999998
42375,8652818.429464767,318.9700804957611,0.5459508217,0.1057320932,128.988,0.0476425636
42376,8123041.367797998,271.6054053244092,0.7316624448000001,0.10382834099999999,140.02,0.04574643
42377,8252613.256569905,302.32272241188855,0.5628761784,0.10504238490000001,128.999,0.06344527009999999
42740,8100588.67543797,269.54576259826376,0.5055170481,0.0972555661,126.081,0.053308338399999995
42750,8181824.315863149,276.62615344721655,0.5830884603,0.108027667,98.978,0.0427880999
43154,8248533.1856015,276.00943800830737,0.8319494529000001,0.2003216406,145.015,0.0587351535
44092,8909345.927644575,312.57971001899955,0.2272705122,0.1061662248,100.008,0.0348555938
44093,8532671.26997337,255.28484236973446,0.9702860349,0.5657424524,66.813,0.0657236466
45099,8886416.414472789,231.21607590865892,0.9860039475,0.20731750489999998,99.963,0.0491763673
45101,8886653.221964762,227.61527052216115,0.9585446370999999,0.2076580095,166.659,0.0814381173
45103,8884532.932316843,230.4840334914895,0.9616800211,0.226468263,150.008,0.0410726899
45146,9043239.747045198,278.73840166861527,0.8678094395,0.5791386409,104.999,0.1681240952
45147,9304843.640843628,324.0846904302166,0.5141470958,0.1023960299,104.985,0.0503941656
45149,9229400.448547333,315.17911383346456,0.7095450222,0.1147044596,215.998,0.0703177853
45150,9388308.90575129,324.11361796476893,0.2023911913,0.1203148828,139.998,0.3824485323
45151,8959469.143268215,261.5281361928297,0.7840642998,0.08711724970000001,145.668,0.0325240063
45152,9028365.870171925,278.5308683759061,0.8504210231999999,0.1064186498,93.359,0.09934422710000002
45153,9052504.20194139,284.5684756898568,0.5788569075,0.0858388517,129.272,0.0551513213
45154,8951354.30180212,256.5257955290302,0.8489686609,0.1002192967,78.912,0.3035092634
45502,9036830.07676244,219.6344200303183,0.7840725734999999,0.1298893998,144.984,0.0321856755
45507,9040376.511985926,231.21710630503367,0.9389965654000001,0.3379794451,84.978,0.0725383908
46157,9523621.546389481,270.7696791412,0.4594272978,0.0976340374,238.737,0.3006036739
46158,9344576.240656279,237.61605696930036,0.0671685283,0.1025885077,92.585,0.0388822691
46159,9324005.172279011,236.42102329907115,0.5882633695,0.11050748710000001,70.967,0.0685400686
46160,9805383.621936828,332.13773540808734,0.5691414095,0.0962221169,163.989,0.079396615
46483,9510419.893840501,269.33861964563096,0.17861550469999998,0.1376945326,145.132,0.030147464
47068,9705955.204988515,267.888038280752,0.8350020944,0.0712646048,101.228,0.0984882619
47069,9675969.438587744,236.71984597201,0.9481515762999999,0.123677969,178.886,0.0351279598
47070,9676485.204230906,235.7273686105266,0.6986644045,0.06967056740000001,64.673,0.0752226993
47071,9674712.261819396,236.95283212744673,0.5392782408,0.1548775758,121.111,0.040623499300000004
47072,9679741.650691971,240.99883822025978,0.6741261651999999,0.1748049516,110.806,0.0355102186
47073,9680497.948688291,243.25719595033402,0.9298921298999999,0.34207224469999997,110.498,0.0387547513
47075,9674182.637276664,232.44899248135587,0.270687035,0.1733162748,85.849,0.0397683151
47076,9674776.976105418,233.62906952093843,0.60895141,0.10335825929999999,111.014,0.0284767371
47077,9737611.610081555,281.89495314237683,0.5125681146,0.0930428407,119.959,0.0423063578
48290,10190350.508258728,248.99092203790045,0.8882818711,0.1045601874,124.958,0.0418705711
48293,10182848.68092134,236.48093689919824,0.9780619219,0.3715478171,100.766,0.039453421
48866,10679561.914413858,310.88120443120044,0.9322895610999999,0.6696921545000001,84.245,0.4919528731
51785,11711022.637969423,253.89033500393228,0.11850912539999998,0.10007876269999999,204.526,0.045369136500000004
55776,13579186.87424416,270.5788520026175,0.6778042736,0.1759670419,96.139,0.0576991412
56523,14260956.92054485,325.87656152119996,0.5049801713000001,0.09656679,120.0,0.0309355447
66859,19562349.679719,347.0205478409909,0.2897755301,0.1061275937,78.01,0.14076771119999998
67470,20047703.629714802,389.8110868224729,0.7666497291,0.0672327935,145.031,0.061151917400000005
71503,22351113.146749143,363.44651539538734,0.9676857856000001,0.1581062675,174.553,0.0455244975
71504,22391364.409424216,375.10553421181925,0.8552259759999999,0.1410197712,109.981,0.0494666536
71506,22327101.835394852,349.87838967147206,0.9907704,0.0873686723,143.023,0.043041532800000004
71508,22322493.41548817,347.5868307306127,0.9966145851,0.2229560928,159.956,0.1542775276
71510,22382061.156941097,363.5969614551074,0.8622986818,0.1211408189,140.094,0.0682026681
71511,22371060.560945157,365.7447129690603,0.9413945371,0.0562361269,173.943,0.052360234299999996
71512,22431059.18648951,373.9179161826786,0.9178967897,0.37436003219999997,156.036,0.0328467652
71513,22566373.170700215,402.22667886768767,0.49543172659999996,0.0631851522,139.957,0.0460083231
71515,22763441.419987638,430.1406698571724,0.4644965234,0.0935970734,184.062,0.35168138909999996
71516,22359234.034889564,353.0207770763572,0.6576489778,0.1345045919,173.128,0.0542460471
79603,27746895.03902122,418.18546659881304,0.7953452137,0.1080288358,140.038,0.055762145
79605,27754645.38022952,416.28199962245776,0.6016103627,0.2689560833,138.54,0.0665336807
97959,42366662.18464845,534.2295492453921,0.1835719897,0.1026314292,119.999,0.035953368199999995
97960,41923001.793308504,482.0118206019446,0.3219469322,0.11602461800000001,91.981,0.0363427532
97961,42030140.8249162,507.4265777265014,0.2137143197,0.0925066465,89.991,0.0392177852
97962,41966277.44399771,495.7861938011817,0.2319799672,0.0613449496,79.968,0.1724820154
98202,42413626.49834846,511.86086964390313,0.40919553869999997,0.1105179498,129.971,0.0340006497
98203,42546487.6875075,532.6525206691454,0.3287106565,0.2191850933,93.028,0.0876905057
99032,43090884.33826459,535.6245876732759,0.9146133292,0.0917694247,191.939,0.0829900445
99039,43115731.08174554,544.4829128788114,0.7876382961,0.11067635619999999,134.984,0.045000415599999996
99041,43184182.996957034,555.9018010226117,0.8406135579,0.097743354,184.992,0.055923812999999996
99703,43470305.87032822,500.04458800122836,0.18163158670000001,0.0825250152,110.808,0.035728994300000004
107613,50560466.761053875,507.88818428876294,0.6634962476,0.3278747225,92.115,0.0773369931
107615,50580451.07867296,515.1662152289982,0.5791772824,0.1197525503,108.994,0.0272314834
107616,50578701.14257301,524.2199670466969,0.5270196419,0.062058151,69.966,0.0390730021
107617,50713193.85392388,549.900050182879,0.5307782336,0.1800532291,95.009,0.0736556463
107800,50759074.8020899,520.8172561942039,0.5633428771,0.6456846702000001,85.011,0.0478545691
112369,55435514.49116081,595.6527829837179,0.8624051449,0.2945949522,130.011,0.0800405443
113326,56379398.76994945,605.4447950197757,0.3109767357,0.09667620060000001,139.947,0.0418982746
113331,56099055.909165055,543.8142254387857,0.8380201536,0.3711137685,159.959,0.057275920099999995
113332,56101248.697381034,547.4612694567302,0.3667326457,0.1083072383,99.301,0.0299062023
113334,56099062.5726468,553.3922819906743,0.44154644950000005,0.1272344982,160.081,0.0703529799
113335,56455729.38289999,591.8677250844305,0.35230620240000005,0.1114826033,137.05,0.2438054207
113336,56571876.596423134,614.1303627133988,0.2502508615,0.0879860408,97.96,0.041658775499999995
114241,56981681.66569744,541.1737931675004,0.9242674131,0.0882172499,134.969,0.0404087898
114242,56978338.90586947,536.4085544996634,0.8334573149,0.2762265599,120.03,0.0288599734
115339,58218273.239511,579.6451105697047,0.5595032785,0.08400058490000001,132.068,0.0436687096
115385,58130764.219155885,542.4681992680468,0.8044241674,0.1318866718,112.455,0.040031508
115388,58124775.42350441,547.1569055236602,0.9800130957,0.120933943,93.749,0.09098583449999999
115391,58147181.105296284,552.3102137361134,0.933352245,0.1134868704,82.982,0.06303814940000001
115392,58222191.373564966,574.6114805218423,0.8155934842,0.11968560339999999,128.581,0.0710293569
118626,61575436.144118436,599.7887803355057,0.33960460090000005,0.1033986151,156.006,0.0458869627
118627,61547538.47604318,589.4998786825724,0.2965947658,0.6822264033,150.011,0.0696327411
118628,61480055.733153865,581.7356648622263,0.2652233013,0.0807685863,140.034,0.024159728
118629,61599250.32835715,603.7528200591616,0.3099580007,0.0690516085,129.801,0.0493025386
118921,61848530.57924278,602.3715951489995,0.5113579756000001,0.2784392488,120.015,0.0328986521
118922,61791490.07326004,592.973583357007,0.40751039899999997,0.10921668849999999,139.997,0.0411125071
118923,61942088.26056291,616.4142596207223,0.3768123633,0.0557285504,135.008,0.057518435199999995
119048,61902821.63979872,580.5145774034484,0.9099320648,0.31586639969999997,119.999,0.0688414541
119049,61872925.31419101,553.3524641401226,0.9412345975,0.1829549725,101.0,0.0494131555
119050,61888637.39062789,574.8113355583315,0.8872156714,0.0607881805,122.997,0.033435565
122999,66050812.93384429,571.2738556873634,0.7289961793999999,0.08397457900000001,117.968,0.046229113499999995
123000,66082199.73606682,590.5054092428932,0.5781072403999999,0.6345319354,129.932,0.0299624942
123001,66059990.90859513,579.3748734687863,0.8346522577,0.2497387045,77.513,0.07338418070000001
123002,66105273.7812918,591.5473824708057,0.579432947,0.5622507395,128.008,0.027431838700000002
27609,3442906.5574852186,199.4342218151048,0.5703372578,0.1223664121,94.973,0.18849682710000001
27610,3361297.204790349,173.34743809947992,0.6961791394,0.4859875725,56.214,0.2445060266
27611,3381806.375226544,180.94072432757034,0.8330243797,0.09242499789999999,97.993,0.041908125899999996
27612,3439570.8924330724,196.3264014201716,0.5091314534,0.1011972083,101.976,0.1267583835
27613,3366003.0500502507,172.64355660243402,0.7089892774,0.1358772045,126.691,0.0615806521
33072,4801046.472163722,192.6741033656708,0.7723261895,0.14178806189999998,149.889,0.1327406079
38775,6572332.20151068,207.56305416208733,0.4214802158,0.08637514689999999,83.783,0.0310175963
38776,6585407.413434904,219.44441553346806,0.7159460442,0.2916764248,228.186,0.057100770700000004
38779,6587367.266797682,214.789657990252,0.3404580828,0.11492535599999999,125.644,0.033136157799999996
38780,6588333.15361799,219.05111566634105,0.68939957,0.3235307449,220.409,0.040690186
38781,6574703.46409358,206.6488502257306,0.6918910097,0.1568514822,127.849,0.0433431001
38783,6580090.518145306,209.76988002806803,0.4220321572,0.1711797148,130.051,0.0326606707
38784,6588896.61810855,217.90668350087728,0.5563874557999999,0.0997590547,211.397,0.0583687628
38785,6594672.509181532,215.01282692316246,0.285077206,0.35284107579999996,115.929,0.033159847400000005
4850,191733.78518671053,82.96100616616114,0.0195134458,0.1250513094,86.979,0.037130396
10026,494593.22373959597,103.11165461988993,0.0726759872,0.1251919957,119.927,0.0421088723
10027,536461.8649032924,113.98459119270086,0.0105016152,0.06365661780000001,65.035,0.049050940099999996
10028,507018.1115433268,103.01997136693494,0.0713166183,0.0981204154,99.524,0.0359041959
10029,473407.9303050596,91.89077782928472,0.11235458029999999,0.1291463006,107.651,0.0344232289
10035,482591.71579974575,83.01137047057075,0.0006692737,0.1216337191,125.588,0.0411263282
11326,593547.1439885184,98.3110511299738,0.0125383708,0.1295576696,192.925,0.0618772502
11349,615820.6810069392,104.07723735320045,0.0962742825,0.5170270892000001,157.819,0.0915609436
11750,785688.6217761711,126.25936958308513,0.139748772,0.1732225389,109.559,0.035029701
16271,1183139.40082982,114.42947687405022,0.3317750091,0.0492642973,120.056,0.050678803099999996
19330,1725722.2466600935,147.72738694081835,0.0077958195,0.08461164480000001,60.641,0.06353009309999999
19331,1672089.555261808,135.8077556986834,0.0602184243,0.1001118274,156.945,0.0575242383
19332,1655488.9045274989,120.82700090955807,0.012661883,0.08871200300000001,53.917,0.0461757983
19333,1701903.0576342214,141.54492166941355,0.0232852846,0.0813010705,117.86,0.047727343
23161,2464148.502646426,152.16182906492187,0.23084328559999998,0.2709233842,41.065,0.0316239293
23164,2364726.2405032227,133.16318442789128,0.1905304266,0.11153404689999999,150.02,0.0843705591
28549,3683110.3493468375,197.25615400816594,0.137303,0.0699520119,68.581,0.0288813742
37979,6429972.4619945455,234.83031593159043,0.2354945139,0.07254233759999999,75.306,0.0330531504
48388,10243277.87386851,255.20178462915854,0.0377413026,0.0898305231,119.815,0.0388287375
48406,10257073.9131605,258.86928382122716,0.1493853598,0.060818387599999996,136.297,0.0453843632
48408,10255796.714017557,258.8938927602136,0.1709752007,0.2856076676,85.379,0.0518475893
48409,10669459.027228292,329.6063238767297,0.0039303455,0.10788446019999999,42.949,0.04475949110000001
48410,10411118.05423002,286.5195603277502,0.2215505505,0.6326333175,74.304,0.0666033387
65782,18962981.90037479,348.81494319436723,0.032659776,0.0680553324,138.002,0.0558097424
65792,18902577.674321234,316.48238758807474,0.036549966499999996,0.07518866269999999,99.174,0.0373515836
65795,18920707.961893886,333.72184389524756,0.0169462912,0.1395248518,135.645,0.05208360980000001
65796,18935765.361134753,335.1952448404739,0.025946242999999997,0.08834563,126.676,0.0508068017
